Observation,Year,Date,Observer,Watch ID,Area,Time (event start time),Watch duration mins,Number of nests watched,Event,Nest ID,Bird fed ID,Prey,Size,Adult ID,Notes,exclude from feeding rates,Photo ID
blind,2019,6/20/2021,OAS,2021.01,Diet area 4,8:00,60,5,start,"D.06, D.07, D.22, D.25, D.24",,,,,,,
blind,2019,6/20/2021,OAS,2021.01,Diet area 4,8:03,,,feeding,D.06,,herring,2.5,,,,
blind,2019,6/20/2021,OAS,2021.01,Diet area 4,8:08,,,stolen from,D.24,B,hake,1,,,,
blind,2019,6/20/2021,OAS,2021.01,Diet area 4,8:20,,,feeding,D.07,,herring,2,,,,
blind,2019,6/20/2021,OAS,2021.01,Diet area 4,8:21,,,feeding,D.07,,herring,2,GPS 647,from GPS adult!,,
blind,2019,6/20/2021,OAS,2021.01,Diet area 4,9:00,,,end,"D.06, D.07, D.22, D.25, D.24",,,,,,,
blind,2019,5/28/2021,ECC,2021.01,Diet area 4,,,,nuptial feeding,,,butterfish,2,,,x,
blind,2019,5/28/2021,ECC,2021.01,Diet area 4,,,,nuptial feeding,,,hake,2,,,x,
blind,2019,5/28/2021,ECC,2021.01,Diet area 4,,,,nuptial feeding,,,herring,1.5,,,x,
blind,2019,6/5/2021,ECC,2021.01,Diet area 1,,,,nuptial feeding,,,sandlance,3.5,,,,
blind,2019,6/21/2021,ECC,2021.02,Diet area 3,1:35,95,,feeding,sb.04,,sandlance,2.5,,,,
blind,2019,6/21/2021,ECC,2021.02,Diet area 3,1:35,95,8,start,"SB.07a/b, SB.04a, D.04a/b, D.46a, D.58a, SB.09, SB.05/b, SB.06",,,,,"D.04 mate present. SB.07 no adults present. Lots of aggressive behavior  towards chicks in own nest, e.g., D.58, D.04 and others",,
blind,2019,6/21/2021,ECC,2021.02,Diet area 3,1:56,,,feeding,r.28,,herring,2,,,,
blind,2019,6/21/2021,ECC,2021.02,Diet area 3,2:06,,,feeding,SB.05,A,herring,1.5,,,,
blind,2019,6/21/2021,ECC,2021.02,Diet area 3,2:09,,,feeding,Sb.11,,herring,1.5,,,,
blind,2019,6/21/2021,ECC,2021.02,Diet area 3,2:13,,,feeding,d.04,A,herring,2,untagged mate,,,
blind,2019,6/21/2021,ECC,2021.02,Diet area 3,2:27,,,feeding,D.05,A,sandlance,4,,,,
blind,2019,6/21/2021,ECC,2021.02,Diet area 3,2:29,,,failed feeding (stolen),SB.09,NA,herring,2,,,,
blind,2019,6/21/2021,ECC,2021.02,Diet area 3,2:45,,,failed feeding,D.04,,herring,2,untagged mate,,,
blind,2019,6/21/2021,ECC,2021.02,Diet area 3,2:45,,,feeding,D.58,A,herring,2.5,,,,
blind,2019,6/21/2021,ECC,2021.02,Diet area 3,2:46,,,feeding,SB.06,,herring,2,,,,
blind,2019,6/21/2021,ECC,2021.02,Diet area 3,3:00,,,end,,,,,,,,
blind,2019,6/20/2021,OAS,2021.03,Diet area 4,8:00,60,5,start,D.06/D.07/D.22/D.24/D.25,,,,,,,
blind,2019,6/20/2021,OAS,2021.03,Diet area 4,8:03,,,feeding,D.06,,herring,2.5,,,,
blind,2019,6/20/2021,OAS,2021.03,Diet area 4,8:08,,,stolen from,D.24,B,hake,1,,,,
blind,2019,6/20/2021,OAS,2021.03,Diet area 4,8:20,,,feeding,D.07,,herring,2,,,,
blind,2019,6/20/2021,OAS,2021.03,Diet area 4,8:21,,,feeding,D.07,,herring,2,,,,
blind,2019,6/20/2021,OAS,2021.03,Diet area 4,8:35,,,feeding,D.06,,unknown,?,,,,
blind,2019,6/20/2021,OAS,2021.03,Diet area 4,8:39,,,failed feeding,D.24,,hake,1,,,,
blind,2019,6/20/2021,OAS,2021.03,Diet area 4,9:00,,,end,,,,,,,,
blind,2019,6/21/2021,OAS,2021.04,Diet area 2,1:38,98,4,start,,,,,,,x,
blind,2019,6/21/2021,OAS,2021.04,Diet area 2,2:00,,,failed feeding,D.40,,sandlance,,,,x,
blind,2019,6/21/2021,OAS,2021.04,Diet area 2,2:03,,,feeding,D.10,,herring,,,,x,
blind,2019,6/21/2021,OAS,2021.04,Diet area 2,2:09,,,feeding,D.08,,hake,,,,x,
blind,2019,6/21/2021,OAS,2021.04,Diet area 2,2:14,,,feeding,D.10,A,herring,,,,x,
blind,2019,6/21/2021,OAS,2021.04,Diet area 2,2:16,,,feeding,D.16,B,herring,,,,x,
blind,2019,6/21/2021,OAS,2021.04,Diet area 2,2:16,,,feeding,D.10,A,herring,,,,x,
blind,2019,6/21/2021,OAS,2021.04,Diet area 2,2:29,,,feeding,D.10,A,hake,,,,x,
blind,2019,6/21/2021,OAS,2021.04,Diet area 2,3:00,,,end,,,,,,,x,
blind,2019,6/24/2021,OAS,2021.05,Diet area 4,8:50,120,9,start,D.06/D.07/D.25/D.24/D.35/D.22/D.22/D.51/D.75,,,,,,,
blind,2019,6/24/2021,OAS,2021.05,Diet area 4,8:51,,,feeding,D.75,B,hake,1,,,,
blind,2019,6/24/2021,OAS,2021.05,Diet area 4,8:54,,,feeding,D.75,B,hake,0.5,,,,
blind,2019,6/24/2021,OAS,2021.05,Diet area 4,8:57,,,feeding,D.75,A,hake,0.5,,,,
blind,2019,6/24/2021,OAS,2021.05,Diet area 4,9:01,,,feeding,D.75,B,hake,0.5,,,,
blind,2019,6/24/2021,OAS,2021.05,Diet area 4,9:03,,,feeding,D.51,,unknown,0.5,,,,
blind,2019,6/24/2021,OAS,2021.05,Diet area 4,9:06,,,feeding,D.06,A,herring,2,,,,
blind,2019,6/24/2021,OAS,2021.05,Diet area 4,9:08,,,feeding,D.75,A,hake,0.5,,,,
blind,2019,6/24/2021,OAS,2021.05,Diet area 4,9:10,,,feeding,D.51,,unknown fish,?,,,,
blind,2019,6/24/2021,OAS,2021.05,Diet area 4,9:15,,,feeding,D.22,,herring,?,,,,
blind,2019,6/24/2021,OAS,2021.05,Diet area 4,9:16,,,feeding,D.25,,unknown fish,?,,,,
blind,2019,6/24/2021,OAS,2021.05,Diet area 4,9:26,,,feeding,D.75,A,hake,0.5,,,,
blind,2019,6/24/2021,OAS,2021.05,Diet area 4,9:27,,,feeding,D.51,,hake,0.5,,,,
blind,2019,6/24/2021,OAS,2021.05,Diet area 4,9:35,,,feeding,D.51,,hake,0.5,,,,
blind,2019,6/24/2021,OAS,2021.05,Diet area 4,9:43,,,feeding,D.25,A,unknown fish,?,,,,
blind,2019,6/24/2021,OAS,2021.05,Diet area 4,9:43,,,feeding,D.75,,hake,0.5,,,,
blind,2019,6/24/2021,OAS,2021.05,Diet area 4,9:47,,,feeding,D.51,,hake,0.5,,,,
blind,2019,6/24/2021,OAS,2021.05,Diet area 4,9:49,,,feeding,D.07,A,hake,0.5,,,,
blind,2019,6/24/2021,OAS,2021.05,Diet area 4,9:50,,,feeding,D.06,A,unknown fish,1,,,,
blind,2019,6/24/2021,OAS,2021.05,Diet area 4,9:52,,,feeding,D.51,,hake,0.5,,,,
blind,2019,6/24/2021,OAS,2021.05,Diet area 4,9:57,,,feeding,D.25,A,unknown,?,,,,
blind,2019,6/24/2021,OAS,2021.05,Diet area 4,9:58,,,feeding,D.25,A,hake,0.5,,,,
blind,2019,6/24/2021,OAS,2021.05,Diet area 4,10:00,,,feeding,D.07,A,hake,0.5,,,,
blind,2019,6/24/2021,OAS,2021.05,Diet area 4,10:01,,,feeding,D.51,,hake,0.5,,,,
blind,2019,6/24/2021,OAS,2021.05,Diet area 4,10:05,,,feeding,D.06,B,unknown fish,2,,,,
blind,2019,6/24/2021,OAS,2021.05,Diet area 4,10:07,,,feeding,D.07,A,hake,0.5,,,,
blind,2019,6/24/2021,OAS,2021.05,Diet area 4,10:08,,,stolen,D.24,,herring,2,,,,
blind,2019,6/24/2021,OAS,2021.05,Diet area 4,10:09,,,feeding,D.25,A,hake,0.5,,,,
blind,2019,6/24/2021,OAS,2021.05,Diet area 4,10:16,,,feeding,D.25,A,hake,0.5,,,,
blind,2019,6/24/2021,OAS,2021.05,Diet area 4,10:19,,,feeding,D.25,A,hake,0.5,,,,
blind,2019,6/24/2021,OAS,2021.05,Diet area 4,10:22,,,feeding,D.07,A,hake,0.5,,,,
blind,2019,6/24/2021,OAS,2021.05,Diet area 4,10:23,,,feeding?,D.06,,unknown fish,2,,,,
blind,2019,6/24/2021,OAS,2021.05,Diet area 4,10:26,,,feeding,D.25,A,hake,0.5,,,,
blind,2019,6/24/2021,OAS,2021.05,Diet area 4,10:31,,,feeding,D.07,A,hake,0.5,,,,
blind,2019,6/24/2021,OAS,2021.05,Diet area 4,10:37,,,feeding,D.25,A,hake,0.5,,,,
blind,2019,6/24/2021,OAS,2021.05,Diet area 4,10:41,,,feeding,D.06,,hake,0.5,,,,
blind,2019,6/24/2021,OAS,2021.05,Diet area 4,10:44,,,feeding,D.07,A,hake,0.5,,,,
blind,2019,6/24/2021,OAS,2021.05,Diet area 4,10:48,,,feeding,D.07,A,hake,0.5,,,,
blind,2019,6/24/2021,OAS,2021.05,Diet area 4,10:50,,,end,,,,,,,,
blind,2019,7/5/2021,GVC,2021.06,Diet area 4,8:53,120,8,start,D.51/D.22/D.07.2/D.76/D.75/D.06/D.47/D.25,,,,,,,
blind,2019,7/5/2021,GVC,2021.06,Diet area 4,8:56,,,feeding,D.25,A,hake,1.5,,,,
blind,2019,7/5/2021,GVC,2021.06,Diet area 4,8:59,,,feeding,D.22,A,hake,1,,,,
blind,2019,7/5/2021,GVC,2021.06,Diet area 4,9:00,,,feeding,D.47,A,hake,1,,,,
blind,2019,7/5/2021,GVC,2021.06,Diet area 4,9:03,,,feeding,D.75,A,unknown fish,1,,,,
blind,2019,7/5/2021,GVC,2021.06,Diet area 4,9:04,,,feeding,D.75,A,hake,1,,,,
blind,2019,7/5/2021,GVC,2021.06,Diet area 4,9:06,,,failed feeding,D.51,A,butterfish,2,,,,
blind,2019,7/5/2021,GVC,2021.06,Diet area 4,9:13,,,failed feeding,D.76,A,butterfish,3,,,,
blind,2019,7/5/2021,GVC,2021.06,Diet area 4,9:14,,,feeding,D.75,A,hake,1,,,,
blind,2019,7/5/2021,GVC,2021.06,Diet area 4,9:16,,,failed feeding,D.22,A,butterfish,2,,,,
blind,2019,7/5/2021,GVC,2021.06,Diet area 4,9:26,,,failed feeding,D.25,A,butterfish,2,,,,
blind,2019,7/5/2021,GVC,2021.06,Diet area 4,9:36,,,feeding,D.06,A,unknown,1,,,,
blind,2019,7/5/2021,GVC,2021.06,Diet area 4,9:37,,,feeding,D.75,A,hake,2,,,,
blind,2019,7/5/2021,GVC,2021.06,Diet area 4,9:38,,,feeding,D.75,A,hake,1,,,,
blind,2019,7/5/2021,GVC,2021.06,Diet area 4,9:42,,,failed feeding,D.07.2,A,butterfish,1.5,,,,
blind,2019,7/5/2021,GVC,2021.06,Diet area 4,9:43,,,feeding,D.75,A,hake,1,,,,
blind,2019,7/5/2021,GVC,2021.06,Diet area 4,9:48,,,feeding,D.75,A,hake,1,,,,
blind,2019,7/5/2021,GVC,2021.06,Diet area 4,9:50,,,failed feeding,D.25,A,butterfish,2.5,,,,
blind,2019,7/5/2021,GVC,2021.06,Diet area 4,9:51,,,feeding,D.22,A,hake,1.5,,,,
blind,2019,7/5/2021,GVC,2021.06,Diet area 4,10:08,,,failed feeding,D.22,A,butterfish,2.5,,,,
blind,2019,7/5/2021,GVC,2021.06,Diet area 4,10:12,,,feeding,D.75,A,hake,1,,,,
blind,2019,7/5/2021,GVC,2021.06,Diet area 4,10:20,,,feeding,D.51,A,hake,2.5,,,,
blind,2019,7/5/2021,GVC,2021.06,Diet area 4,10:27,,,failed feeding,D.25,A,butterfish,2.5,,,,
blind,2019,7/5/2021,GVC,2021.06,Diet area 4,10:32,,,failed feeding,D.76,A,butterfish,2.5,,,,
blind,2019,7/5/2021,GVC,2021.06,Diet area 4,10:53,,,end,D.51/D.22/D.07.2/D.76/D.75/D.06/D.47/D.25,,,,,,,
blind,2019,7/8/2021,GVC,2021.07,Diet area 4,8:15,120,8,start,D.51/D.22/D.07.2/D.76/D.75/D.06/D.47/D.25,,,,,,,
blind,2019,7/8/2021,GVC,2021.07,Diet area 4,8:22,,,failed feeding,D.22,A,butterfish,2.5,,,,
blind,2019,7/8/2021,GVC,2021.07,Diet area 4,8:41,,,failed feeding,D.22,A,butterfish,2,,,,
blind,2019,7/8/2021,GVC,2021.07,Diet area 4,9:16,,,feeding,D.51,A,unknown fish,1.5,GPS 224,,,
blind,2019,7/8/2021,GVC,2021.07,Diet area 4,9:26,,,feeding,D.22,A,hake,1,,,,
blind,2019,7/8/2021,GVC,2021.07,Diet area 4,9:41,,,feeding,D.22,A,hake,1,,,,
blind,2019,7/8/2021,GVC,2021.07,Diet area 4,9:45,,,tagged adult returned,D.51,A,,,GPS 224,no food delivered,x,
blind,2019,7/8/2021,GVC,2021.07,Diet area 4,9:48,,,feeding,D.22,A,mummichog,2.5,,,,
blind,2019,7/8/2021,GVC,2021.07,Diet area 4,9:53,,,feeding,D.07.2,A,euphausiid,0.5,,,,
blind,2019,7/8/2021,GVC,2021.07,Diet area 4,9:54,,,feeding,D.07.2,A,euphausiid,0.5,,,,
blind,2019,7/8/2021,GVC,2021.07,Diet area 4,9:55,,,feeding,D.07.2,A,euphausiid,0.5,,,,
blind,2019,7/8/2021,GVC,2021.07,Diet area 4,9:57,,,feeding,D.07.2,A,euphausiid,0.5,,,,
blind,2019,7/8/2021,GVC,2021.07,Diet area 4,9:59,,,feeding,D.25,A,sandlance,3,,,,
blind,2019,7/8/2021,GVC,2021.07,Diet area 4,10:01,,,feeding,D.07.2,A,amphipod,0.5,,,,
blind,2019,7/8/2021,GVC,2021.07,Diet area 4,10:06,,,feeding,D.07.2,A,amphipod,0.5,,,,
blind,2019,7/8/2021,GVC,2021.07,Diet area 4,10:15,,,end,D.51/D.22/D.07.2/D.76/D.75/D.06/D.47/D.25,,,,,,,
blind,2019,7/9/2021,GVC,2021.08,Diet area 4,8:15,60,8,start,D.51/D.22/D.07.2/D.76/D.75/D.06/D.47/D.25,,,,,,,
blind,2019,7/9/2021,GVC,2021.08,Diet area 4,8:17,,,tagged adult returned,D.51,,,,GPS 224,"No food delivered, stayed until end of watch",x,
blind,2019,7/9/2021,GVC,2021.08,Diet area 4,8:18,,,feeding,D.25,,gadid,2,,,,
blind,2019,7/9/2021,GVC,2021.08,Diet area 4,8:23,,,feeding,D.22,,unknown fish,1,,,,
blind,2019,7/9/2021,GVC,2021.08,Diet area 4,8:37,,,failed feeding,D.22,,butterfish,2,,,,
blind,2019,7/9/2021,GVC,2021.08,Diet area 4,8:55,,,failed feeding,D.75,,butterfish,2.5,,,,
blind,2019,7/9/2021,GVC,2021.08,Diet area 4,9:04,,,feeding,D.75,,euphausiid,0.5,,,,
blind,2019,7/9/2021,GVC,2021.08,Diet area 4,9:07,,,failed feeding,D.75,,butterfish,2.5,,,,
blind,2019,7/9/2021,GVC,2021.08,Diet area 4,9:07,,,tagged adult returned,,,,,GPS 840,"Not associated with a nest, courting another bird at back of study area",x,
blind,2019,7/9/2021,GVC,2021.08,Diet area 4,9:15,,,end,D.51/D.22/D.07.2/D.76/D.75/D.06/D.47/D.25,,,,,,,
blind,2019,7/10/2021,GVC,2021.09,Diet area 3,7:55,80,10,start,SB.04/SB.03/D.13/D.04/SB.05/D.58/D.41/R.27/R.28/R.05,,,,,D.64 and D.11 missing,,
blind,2019,7/10/2021,GVC,2021.09,Diet area 3,7:58,,,failed feeding,SB.03,,butterfish,2.5,,,,
blind,2019,7/10/2021,GVC,2021.09,Diet area 3,8:02,,,failed feeding,D.58,,butterfish,2.5,,,,
blind,2019,7/10/2021,GVC,2021.09,Diet area 3,8:06,,,failed feeding,SB.03,,butterfish,2.5,,,,
blind,2019,7/10/2021,GVC,2021.09,Diet area 3,8:13,,,failed feeding,D.13,,herring,2.5,,chick did not seem interested,,
blind,2019,7/10/2021,GVC,2021.09,Diet area 3,8:14,,,feeding,D.41,,unknown fish,?,,,,
blind,2019,7/10/2021,GVC,2021.09,Diet area 3,8:21,,,feeding,D.41,,gadid,1.5,,,,
blind,2019,7/10/2021,GVC,2021.09,Diet area 3,8:22,,,failed feeding,D.04,,butterfish,2,,,,
blind,2019,7/10/2021,GVC,2021.09,Diet area 3,8:31,,,feeding,SB.06,,sandlance,2,,,,
blind,2019,7/10/2021,GVC,2021.09,Diet area 3,8:42,,,failed feeding,SB.03,,butterfish,3,,,,
blind,2019,7/10/2021,GVC,2021.09,Diet area 3,8:57,,,feeding,SB.05,,herring,2,GPS 369,,,
blind,2019,7/10/2021,GVC,2021.09,Diet area 3,9:00,,,feeding,D.04,,hake,1,,,,
blind,2019,7/10/2021,GVC,2021.09,Diet area 3,9:14,,,failed feeding,SB.05,,butterfish,2.5,,,,
blind,2019,7/10/2021,GVC,2021.09,Diet area 3,9:15,,,end,SB.04/SB.03/D.13/D.04/SB.05/D.58/D.41/R.27/R.28/R.05,,,,,,,
blind,2019,7/11/2021,GVC,2021.1,Diet area 4,13:11,90,8,start,D.51/D.22/D.07.2/D.76/D.75/D.06/D.47/D.25,,,,,,,
blind,2019,7/11/2021,GVC,2021.1,Diet area 4,13:21,,,feeding,D.22,,hake,1.5,,,,
blind,2019,7/11/2021,GVC,2021.1,Diet area 4,13:27,,,feeding,D.76,,butterfish,2.5,,,,
blind,2019,7/11/2021,GVC,2021.1,Diet area 4,13:34,,,feeding,D.07.2,,unknown fish,2,,,,
blind,2019,7/11/2021,GVC,2021.1,Diet area 4,13:44,,,feeding,D.07.2,,gadid,1.5,,,,
blind,2019,7/11/2021,GVC,2021.1,Diet area 4,13:45,,,feeding,D.25,,hake,2,,,,
blind,2019,7/11/2021,GVC,2021.1,Diet area 4,13:45,,,feeding,D.22,,invertebrate,0.5,,,,
blind,2019,7/11/2021,GVC,2021.1,Diet area 4,13:46,,,feeding,D.07.2,,euphausiid,0.5,,,,
blind,2019,7/11/2021,GVC,2021.1,Diet area 4,14:06,,,feeding,D.25,,sandlance,3,,,,
blind,2019,7/11/2021,GVC,2021.1,Diet area 4,14:13,,,feeding,D.07.2,,hake,1,,,,
blind,2019,7/11/2021,GVC,2021.1,Diet area 4,14:35,,,feeding,D.75,,herring,1.5,,,,
blind,2019,7/11/2021,GVC,2021.1,Diet area 4,14:41,,,end,D.51/D.22/D.07.2/D.76/D.75/D.06/D.47/D.25,,,,,,,
blind,2019,7/8/2021,GVC,2021.11,Diet area 3,15:24,101,10,start,D.11/D.13/SB.04/SB.05/SB.03/R.05/R.27/R.28/D.58/D.64/D.41/D.04/SB.06,,,,,,,
blind,2019,7/8/2021,GVC,2021.11,Diet area 3,15:25,,,feeding,R.05,,sandlance,2,,,,
blind,2019,7/8/2021,GVC,2021.11,Diet area 3,15:27,,,feeding,D.04,,sandlance,3,,,,
blind,2019,7/8/2021,GVC,2021.11,Diet area 3,15:30,,,feeding,D.41,,hake,1,,,,
blind,2019,7/8/2021,GVC,2021.11,Diet area 3,15:38,,,feeding,D.13,,unknown fish,1.5,,,,
blind,2019,7/8/2021,GVC,2021.11,Diet area 3,15:43,,,tagged adult returned,SB.05,,,,,"No food delivered, left almost immediately",Yes,
blind,2019,7/8/2021,GVC,2021.11,Diet area 3,15:58,,,stolen,D.41,,sandlance,2.5,,stolen from adult by another adult,,
blind,2019,7/8/2021,GVC,2021.11,Diet area 3,16:02,,,feeding,SB.04,,herring,1.5,,,,
blind,2019,7/8/2021,GVC,2021.11,Diet area 3,16:02,,,feeding,R.05,,sandlance,2,,,,
blind,2019,7/8/2021,GVC,2021.11,Diet area 3,16:02,,,tagged adult returned,SB.05,,,,,No food delivered,Yes,
blind,2019,7/8/2021,GVC,2021.11,Diet area 3,16:06,,,feeding,R.27,,sandlance,2,,,,
blind,2019,7/8/2021,GVC,2021.11,Diet area 3,16:07,,,feeding,D.58,,sandlance,2,,,,
blind,2019,7/8/2021,GVC,2021.11,Diet area 3,16:09,,,feeding,D.64,,sandlance,1.5,,,,
blind,2019,7/8/2021,GVC,2021.11,Diet area 3,16:09,,,tagged adult returned,SB.05,,,,,No food delivered,Yes,
blind,2019,7/8/2021,GVC,2021.11,Diet area 3,16:19,,,failed feeding,D.41,,sandlance,2.5,,D11 tried to steal so adult took it away (happened 4 times),,
blind,2019,7/8/2021,GVC,2021.11,Diet area 3,16:23,,,feeding,D.04,,sandlance,2,,,,
blind,2019,7/8/2021,GVC,2021.11,Diet area 3,16:23,,,feeding,D.58,,unknown,0.5,,,,
blind,2019,7/8/2021,GVC,2021.11,Diet area 3,16:25,,,feeding,D.58,,euphausiid,0.5,,,,
blind,2019,7/8/2021,GVC,2021.11,Diet area 3,16:25,,,feeding,D.58,,euphausiid,0.5,,,,
blind,2019,7/8/2021,GVC,2021.11,Diet area 3,16:28,,,feeding,D.58,,euphausiid,0.5,,,,
blind,2019,7/8/2021,GVC,2021.11,Diet area 3,16:29,,,feeding,D.58,,euphausiid,0.5,,,,
blind,2019,7/8/2021,GVC,2021.11,Diet area 3,16:31,,,feeding,D.58,,euphausiid,0.5,,,,
blind,2019,7/8/2021,GVC,2021.11,Diet area 3,16:32,,,feeding,D.58,,euphausiid,0.5,,,,
blind,2019,7/8/2021,GVC,2021.11,Diet area 3,16:34,,,feeding,D.58,,euphausiid,0.5,,,,
blind,2019,7/8/2021,GVC,2021.11,Diet area 3,16:36,,,feeding,D.58,,euphausiid,0.5,,,,
blind,2019,7/8/2021,GVC,2021.11,Diet area 3,16:36,,,feeding,SB.06,,hake,2,,,,
blind,2019,7/8/2021,GVC,2021.11,Diet area 3,16:39,,,feeding,D.58,,euphausiid,0.5,,,,
blind,2019,7/8/2021,GVC,2021.11,Diet area 3,16:41,,,feeding,D.58,,euphausiid,0.5,,,,
blind,2019,7/8/2021,GVC,2021.11,Diet area 3,16:42,,,feeding,D.58,,euphausiid,0.5,,,,
blind,2019,7/8/2021,GVC,2021.11,Diet area 3,16:45,,,feeding,D.58,,euphausiid,0.5,,,,
blind,2019,7/8/2021,GVC,2021.11,Diet area 3,16:48,,,feeding,D.58,,euphausiid,0.5,,,,
blind,2019,7/8/2021,GVC,2021.11,Diet area 3,16:49,,,feeding,D.64,,unknown,0.5,,,,
blind,2019,7/8/2021,GVC,2021.11,Diet area 3,16:51,,,feeding,D.58,,euphausiid,0.5,,,,
blind,2019,7/8/2021,GVC,2021.11,Diet area 3,16:53,,,feeding,D.58,,euphausiid,0.5,,,,
blind,2019,7/8/2021,GVC,2021.11,Diet area 3,16:55,,,feeding,D.58,,euphausiid,0.5,,,,
blind,2019,7/8/2021,GVC,2021.11,Diet area 3,16:57,,,feeding,D.58,,euphausiid,0.5,,,,
blind,2019,7/8/2021,GVC,2021.11,Diet area 3,16:58,,,feeding,D.04,,sandlance,2.5,GPS 811,Tagged adult,,
blind,2019,7/8/2021,GVC,2021.11,Diet area 3,16:59,,,feeding,SB.04,,herring,2,,,,
blind,2019,7/8/2021,GVC,2021.11,Diet area 3,17:00,,,feeding,R.27,,unknown,unknown,,,,
blind,2019,7/8/2021,GVC,2021.11,Diet area 3,17:01,,,feeding,D.58,,euphausiid,0.5,,,,
blind,2019,7/8/2021,GVC,2021.11,Diet area 3,17:04,,,feeding,D.11,,sandlance,3,,Adult brought in two at once,,
blind,2019,7/8/2021,GVC,2021.11,Diet area 3,17:04,,,feeding,D.11,,sandlance,3,,,,
blind,2019,7/8/2021,GVC,2021.11,Diet area 3,17:05,,,feeding,D.64,,unknown,0.5,,,,
blind,2019,7/8/2021,GVC,2021.11,Diet area 3,17:05,,,end,D.11/D.13/SB.04/SB.05/SB.03/R.05/R.27/R.28/D.58/D.64/D.41/D.04/SB.06,,,,,,,
blind,2019,7/5/2021,OAS,2021.12,3,2:00,124,9,start,SB.03/SB.06/SB.04/SB.05/D.13/D.58/D.11/D.04/D.64,,,,,,,
blind,2019,7/5/2021,OAS,2021.12,3,2:01,,,feeding,R.05,A,unknown fish,0.5,,,,
blind,2019,7/5/2021,OAS,2021.12,3,2:04,,,feeding,SB.05,A,hake,0.5,,,,
blind,2019,7/5/2021,OAS,2021.12,3,2:11,,,feeding,D.11,A,hake,0.5,,,,
blind,2019,7/5/2021,OAS,2021.12,3,2:15,,,feeding,SB.05,A,euphausiid,0.5,,,,
blind,2019,7/5/2021,OAS,2021.12,3,2:21,,,feeding,SB.05,A,euphausiid,0.5,,,,
blind,2019,7/5/2021,OAS,2021.12,3,2:23,,,feeding,D.58,A,unknown fish,1,,pollock?,,
blind,2019,7/5/2021,OAS,2021.12,3,2:25,,,feeding,SB.05,A,euphausiid,0.5,,,,
blind,2019,7/5/2021,OAS,2021.12,3,2:27,,,feeding,SB.05,A,euphausiid,0.5,,,,
blind,2019,7/5/2021,OAS,2021.12,3,2:28,,,feeding,SB.05,A,euphausiid,0.5,,,,
blind,2019,7/5/2021,OAS,2021.12,3,2:30,,,feeding,SB.05,A,euphausiid,0.5,,,,
blind,2019,7/5/2021,OAS,2021.12,3,2:30,,,feeding,.....,A,hake,1,,,,
blind,2019,7/5/2021,OAS,2021.12,3,2:32,,,feeding,SB.05,A,euphausiid,0.5,,,,
blind,2019,7/5/2021,OAS,2021.12,3,2:38,,,feeding,R.27,A,unknown fish,2,,,,
blind,2019,7/5/2021,OAS,2021.12,3,2:39,,,feeding,SB.05,A,euphausiid,0.5,,,,
blind,2019,7/5/2021,OAS,2021.12,3,2:40,,,feeding,SB.05,A,euphausiid,0.5,,,,
blind,2019,7/5/2021,OAS,2021.12,3,2:42,,,feeding,SB.05,A,euphausiid,0.5,,,,
blind,2019,7/5/2021,OAS,2021.12,3,2:43,,,feeding,SB.05,A,euphausiid,0.5,,,,
blind,2019,7/5/2021,OAS,2021.12,3,2:44,,,feeding,SB.05,A,euphausiid,0.5,,,,
blind,2019,7/5/2021,OAS,2021.12,3,2:45,,,feeding,SB.05,A,euphausiid,0.5,,,,
blind,2019,7/5/2021,OAS,2021.12,3,2:46,,,feeding,SB.05,A,euphausiid,0.5,,,,
blind,2019,7/5/2021,OAS,2021.12,3,2:48,,,feeding,SB.05,A,euphausiid,0.5,,,,
blind,2019,7/5/2021,OAS,2021.12,3,2:49,,,feeding,SB.05,A,euphausiid,0.5,,,,
blind,2019,7/5/2021,OAS,2021.12,3,2:51,,,feeding,SB.05,A,euphausiid,0.5,,,,
blind,2019,7/5/2021,OAS,2021.12,3,2:51,,,feeding,SB.03,A,herring,2,,,,
blind,2019,7/5/2021,OAS,2021.12,3,2:52,,,feeding,SB.05,A,euphausiid,0.5,,,,
blind,2019,7/5/2021,OAS,2021.12,3,2:53,,,feeding,SB.05,A,euphausiid,0.5,,,,
blind,2019,7/5/2021,OAS,2021.12,3,2:54,,,feeding,SB.05,A,euphausiid,0.5,,,,
blind,2019,7/5/2021,OAS,2021.12,3,2:55,,,feeding,SB.05,A,euphausiid,0.5,,,,
blind,2019,7/5/2021,OAS,2021.12,3,2:57,,,self-feeding,SB.05,A,euphausiid,0.5,,,,
blind,2019,7/5/2021,OAS,2021.12,3,2:59,,,feeding,SB.05,A,euphausiid,0.5,,,,
blind,2019,7/5/2021,OAS,2021.12,3,3:01,,,feeding,SB.05,A,euphausiid,0.5,,,,
blind,2019,7/5/2021,OAS,2021.12,3,3:03,,,feeding,SB.05,A,euphausiid,0.5,,,,
blind,2019,7/5/2021,OAS,2021.12,3,3:05,,,feeding,SB.05,A,euphausiid,0.5,,,,
blind,2019,7/5/2021,OAS,2021.12,3,3:06,,,feeding,SB.05,A,euphausiid,0.5,,,,
blind,2019,7/5/2021,OAS,2021.12,3,3:07,,,feeding,D.11,A,hake,1,,,,
blind,2019,7/5/2021,OAS,2021.12,3,3:09,,,feeding,SB.05,A,euphausiid,0.5,,,,
blind,2019,7/5/2021,OAS,2021.12,3,3:11,,,feeding,D.64,A,hake,1,,,,
blind,2019,7/5/2021,OAS,2021.12,3,3:13,,,feeding,SB.05,A,euphausiid,0.5,,,,
blind,2019,7/5/2021,OAS,2021.12,3,3:15,,,feeding,SB.05,A,euphausiid,0.5,,,,
blind,2019,7/5/2021,OAS,2021.12,3,3:16,,,feeding,SB.05,A,euphausiid,0.5,,,,
blind,2019,7/5/2021,OAS,2021.12,3,3:17,,,failed feeding,D.58,A,butterfish,2,,attemped feeding from 3:17-3:42,,
blind,2019,7/5/2021,OAS,2021.12,3,3:18,,,feeding,SB.05,A,euphausiid,0.5,,,,
blind,2019,7/5/2021,OAS,2021.12,3,3:21,,,feeding,SB.05,A,euphausiid,0.5,,,,
blind,2019,7/5/2021,OAS,2021.12,3,3:21,,,feeding,D.11,A,unknown fish,1,,,,
blind,2019,7/5/2021,OAS,2021.12,3,3:22,,,feeding,D.13,A,hake,1,,,,
blind,2019,7/5/2021,OAS,2021.12,3,3:23,,,feeding,SB.05,A,euphausiid,0.5,,,,
blind,2019,7/5/2021,OAS,2021.12,3,3:28,,,feeding,SB.05,A,euphausiid,0.5,,,,
blind,2019,7/5/2021,OAS,2021.12,3,3:29,,,feeding,SB.05,A,euphausiid,0.5,,,,
blind,2019,7/5/2021,OAS,2021.12,3,3:29,,,feeding,D.11,A,sandlance,2.5,,,,
blind,2019,7/5/2021,OAS,2021.12,3,3:31,,,feeding,SB.05,A,euphausiid,0.5,,,,
blind,2019,7/5/2021,OAS,2021.12,3,3:32,,,feeding,SB.05,A,euphausiid,0.5,,,,
blind,2019,7/5/2021,OAS,2021.12,3,3:33,,,feeding,SB.05,A,euphausiid,0.5,,,,
blind,2019,7/5/2021,OAS,2021.12,3,3:34,,,feeding,SB.05,A,euphausiid,0.5,,,,
blind,2019,7/5/2021,OAS,2021.12,3,3:35,,,feeding,SB.05,A,euphausiid,0.5,,,,
blind,2019,7/5/2021,OAS,2021.12,3,3:37,,,feeding,SB.05,A,euphausiid,0.5,,,,
blind,2019,7/5/2021,OAS,2021.12,3,3:37,,,feeding,SB.05,A,euphausiid,0.5,,,,
blind,2019,7/5/2021,OAS,2021.12,3,3:38,,,feeding,SB.05,A,euphausiid,0.5,,,,
blind,2019,7/5/2021,OAS,2021.12,3,3:39,,,feeding,SB.05,A,euphausiid,0.5,,,,
blind,2019,7/5/2021,OAS,2021.12,3,3:40,,,feeding,SB.05,A,euphausiid,0.5,,,,
blind,2019,7/5/2021,OAS,2021.12,3,3:41,,,feeding,SB.05,A,euphausiid,0.5,,,,
blind,2019,7/5/2021,OAS,2021.12,3,3:42,,,stolen from,D.58,A,butterfish,2,,"from D.58, butterfish refused by chick",,
blind,2019,7/5/2021,OAS,2021.12,3,3:42,,,feeding,SB.05,A,euphausiid,0.5,,,,
blind,2019,7/5/2021,OAS,2021.12,3,3:42,,,feeding,SB.06,A,unknown fish,1,,,,
blind,2019,7/5/2021,OAS,2021.12,3,3:44,,,feeding,SB.05,A,euphausiid,0.5,,,,
blind,2019,7/5/2021,OAS,2021.12,3,3:45,,,feeding,SB.05,A,euphausiid,0.5,,,,
blind,2019,7/5/2021,OAS,2021.12,3,3:49,,,feeding,SB.05,A,euphausiid,0.5,,,,
blind,2019,7/5/2021,OAS,2021.12,3,3:51,,,feeding,SB.05,A,euphausiid,0.5,,,,
blind,2019,7/5/2021,OAS,2021.12,3,3:52,,,feeding,R.27,A,hake,0.5,,,,
blind,2019,7/5/2021,OAS,2021.12,3,3:54,,,feeding,D.64,A,unknown fish,2,,,,
blind,2019,7/5/2021,OAS,2021.12,3,3:57,,,feeding,SB.05,A,euphausiid,0.5,,eaten by parent,,
blind,2019,7/5/2021,OAS,2021.12,3,3:59,,,feeding,D.13,A,unknown fish,2,,,,
blind,2019,7/5/2021,OAS,2021.12,3,4:00,,,feeding,D.64,A,hake,0.5,,,,
blind,2019,7/5/2021,OAS,2021.12,3,4:00,,,stolen from,D.64,A,hake,1,,,,
blind,2019,7/5/2021,OAS,2021.12,3,4:01,,,feeding,D.58,A,hake,0.5,,,,
blind,2019,7/5/2021,OAS,2021.12,3,4:04,,,end,SB.03/SB.06/SB.04/SB.05/D.13/D.58/D.11/D.04/D.64,,,,,,,
blind,2019,7/10/2021,OAS,2021.13,4,8:00,120,7,start,,,,,,,,
blind,2019,7/10/2021,OAS,2021.13,4,8:11,,,feeding,D.75,A,hake,1,,,,
blind,2019,7/10/2021,OAS,2021.13,4,8:24,,,feeding,D.22,A,hake,0.5,,,,
blind,2019,7/10/2021,OAS,2021.13,4,8:39,,,feeding,D.07.2,A,herring,2,,,,
blind,2019,7/10/2021,OAS,2021.13,4,8:41,,,feeding,D.25,A,herring,2,,,,
blind,2019,7/10/2021,OAS,2021.13,4,8:50,,,failed feeding,D.76,A,butterfish,2,,chunk out of side of fish,,
blind,2019,7/10/2021,OAS,2021.13,4,8:51,,,failed feeding,D.06,A,butterfish,2,,,,
blind,2019,7/10/2021,OAS,2021.13,4,8:56,,,failed feeding,D.06,A,butterfish,2,,,,
blind,2019,7/10/2021,OAS,2021.13,4,8:59,,,failed feeding,D.07.2,A,butterfish,2,,,,
blind,2019,7/10/2021,OAS,2021.13,4,9:02,,,failed feeding,D.22,A,butterfish,2,,,,
blind,2019,7/10/2021,OAS,2021.13,4,9:30,,,feeding,D.07.2,A,hake,0.5,,,,
blind,2019,7/10/2021,OAS,2021.13,4,9:35,,,feeding,D.25,A,unknown fish,2,,,,
blind,2019,7/10/2021,OAS,2021.13,4,9:39,,,feeding,D.51,A,unknown fish,1,,,,
blind,2019,7/10/2021,OAS,2021.13,4,9:56,,,failed feeding,D.51,A,butterfish,2,GPS 224,GPS bird! Maybe herring...,,
blind,2019,7/10/2021,OAS,2021.13,4,10:00,,,end,,,,,,,,
blind,2019,7/17/2021,GBS,2021.14,3,8:58,107,5,start,SB.06/D.58/D.41/D.04/SB.03,,,,,SB.05 missing,,
blind,2019,7/17/2021,GBS,2021.14,3,9:36,,,failed feeding (stolen from),D.41,A,butterfish,2,stolen by D.58A,,,
blind,2019,7/17/2021,GBS,2021.14,3,9:36,,,stolen by,D.58,A,butterfish,2,stolen from D.41,,,
blind,2019,7/17/2021,GBS,2021.14,3,9:41,,,feeding,SB.06,A,butterfish,2,,,,
blind,2019,7/17/2021,GBS,2021.14,3,9:45,,,feeding,SB.03,A,butterfish,2,,finally swallowed at 9:50,,
blind,2019,7/17/2021,GBS,2021.14,3,10:12,,,feeding,D.41,A,beetle,0.5,,,,
blind,2019,7/17/2021,GBS,2021.14,3,10:16,,,feeding,SB.06,A,herring,1.5,,,,
blind,2019,7/17/2021,GBS,2021.14,3,10:35,,,failed feeding,D.04,A,herring,1.5,,,,
blind,2019,7/17/2021,GBS,2021.14,3,10:45,,,end,,,,,,,,
blind,2019,7/19/2021,GBS,2021.15,4,9:40,120,4,start,D.51/D.25/D.06/D.?,,,,,D.? new candidate bird for feeding study,,
blind,2019,7/19/2021,GBS,2021.15,4,10:37,,,feeding,D.?,A,rough scad,0.5,,"mystery clupeid with deep forked tail, very narrow peduncle, and non-mackerel coloration (Beckley has photos)",,Photo of similar fish: IMG_1371.JPG
blind,2019,7/19/2021,GBS,2021.15,4,10:53,,,feeding,D.?,A,rough scad,1,,"mystery clupeid with deep forked tail, very narrow peduncle, and non-mackerel coloration (Beckley has photos)",,
blind,2019,7/19/2021,GBS,2021.15,4,11:05,,,feeding,D.?,A,rough scad,1,,"mystery clupeid with deep forked tail, very narrow peduncle, and non-mackerel coloration (Beckley has photos)",,
blind,2019,7/19/2021,GBS,2021.15,4,11:40,,,end,,,,,,,,
blind,2019,7/19/2021,GBS,2021.16,3,12:45,75,4,start,D.04/D.58/SB.06/SB.03,,,,,SB.04 flying but visible for entire watch,,
blind,2019,7/19/2021,GBS,2021.16,3,12:48,,,feeding,D.04,A,hake,1,GPS 811,,,IMG_1385 hake.MOV
blind,2019,7/19/2021,GBS,2021.16,3,12:49,,,feeding,D.58,A,hake,0.5,,,,
blind,2019,7/19/2021,GBS,2021.16,3,13:05,,,feeding,SB.06,A,gadid,1.5,,brownish in color,,
blind,2019,7/19/2021,GBS,2021.16,3,13:06,,,feeding,D.58,A,flying insect,0.5,,,,
blind,2019,7/19/2021,GBS,2021.16,3,13:08,,,feeding,D.58,A,hake,1,,,,
blind,2019,7/19/2021,GBS,2021.16,3,13:11,,,feeding,D.58,A,hake,0.5,,,,
blind,2019,7/19/2021,GBS,2021.16,3,13:15,,,feeding,D.58,A,hake,1,,,,
blind,2019,7/19/2021,GBS,2021.16,3,13:19,,,feeding,D.58,A,hake,1,,,,
blind,2019,7/19/2021,GBS,2021.16,3,13:22,,,feeding,D.04,A,gadid,1.5,,light in color,,
blind,2019,7/19/2021,GBS,2021.16,3,13:23,,,feeding,D.58,A,hake,0.5,,,,
blind,2019,7/19/2021,GBS,2021.16,3,13:26,,,feeding,D.58,A,unknown fish,1,,"dark, thick bodied, unknown species",,
blind,2019,7/19/2021,GBS,2021.16,3,13:28,,,feeding,D.58,A,hake,0.5,,,,
blind,2019,7/19/2021,GBS,2021.16,3,13:30,,,feeding,D.58,A,hake,1,,,,
blind,2019,7/19/2021,GBS,2021.16,3,13:32,,,feeding,D.58,A,hake,1,,,,
blind,2019,7/19/2021,GBS,2021.16,3,13:37,,,feeding,SB.06,A,unknown fish,1,,dark,,
blind,2019,7/19/2021,GBS,2021.16,3,14:44,,,feeding,D.58,A,hake,0.5,,,,
blind,2019,7/19/2021,GBS,2021.16,3,14:49,,,feeding,D.58,A,hake,0.5,,,,
blind,2019,7/19/2021,GBS,2021.16,3,14:55,,,feeding,D.58,A,hake,0.5,,,,
blind,2019,7/19/2021,GBS,2021.16,3,15:00,,,end,,,,,,,,
blind,2019,6/25/2021,GBS,2021.17,4,1:23,120,9,start,D.51/D.36/D.06/D.07/D.25/D.77/D.22/D.76/D.49,D.51/D.06/D.77 had A and B chicks,,,,,,
blind,2019,6/25/2021,GBS,2021.17,4,1:38,,,failed feeding (stolen),D.07,A,herring,2,,,,
blind,2019,6/25/2021,GBS,2021.17,4,1:47,,,failed feeding (stolen),D.06,B,herring,2.5,,,,
blind,2019,6/25/2021,GBS,2021.17,4,1:50,,,feeding,D.22,A,unknown fish,0.5,,,,
blind,2019,6/25/2021,GBS,2021.17,4,1:52,,,feeding,D.24,A,sandlance,4,,,,
blind,2019,6/25/2021,GBS,2021.17,4,2:00,,,feeding,D.06,B,herring,1.5,,,,
blind,2019,6/25/2021,GBS,2021.17,4,2:07,,,feeding,D.76,A,herring,2.5,,,,
blind,2019,6/25/2021,GBS,2021.17,4,2:17,,,feeding,D.51,A,sandlance,3.5,,,,
blind,2019,6/25/2021,GBS,2021.17,4,2:18,,,feeding,D.06,A,redfish,1,,,,
blind,2019,6/25/2021,GBS,2021.17,4,3:02,,,feeding,D.49,B,hake,1,,,,
blind,2019,6/25/2021,GBS,2021.17,4,3:15,,,feeding,D.24,A,herring,2,,,,
blind,2019,6/25/2021,GBS,2021.17,4,3:19,,,feeding,D.26,A,herring,2,,,,
blind,2019,6/25/2021,GBS,2021.17,4,3:21,,,feeding,D.06,A,hake,1,,,,
blind,2019,6/25/2021,GBS,2021.17,4,3:23,,,feeding,D.76,A,butterfish,1.5,,,,
blind,2019,6/25/2021,GBS,2021.17,4,3:23,,,end,,,,,,,,
blind,2019,6/28/2021,GBS,2021.18,4,3:33,99,9,start,D.36/D.24/D.25/D.22/D.77/D.07/D.76/D.49/D.51,,,,,,,
blind,2019,6/28/2021,GBS,2021.18,4,3:38,,,feeding,D.24,A,hake,1,,,,
blind,2019,6/28/2021,GBS,2021.18,4,3:43,,,feeding,D.36,A,cunner,1,,,,
blind,2019,6/28/2021,GBS,2021.18,4,3:45,,,feeding,D.24,A,hake,1,,,,
blind,2019,6/28/2021,GBS,2021.18,4,3:48,,,feeding,D.07,A,flying ant,<.5,GPS 984,,,
blind,2019,6/28/2021,GBS,2021.18,4,3:48,,,feeding,D.22,A,hake,<.5,,,,
blind,2019,6/28/2021,GBS,2021.18,4,3:49,,,feeding,D.24,A,flying ant,<.5,,,,
blind,2019,6/28/2021,GBS,2021.18,4,3:50,,,feeding,D.24,A,hake,1,,,,
blind,2019,6/28/2021,GBS,2021.18,4,3:55,,,feeding,D.36,A,hake,1,,,,
blind,2019,6/28/2021,GBS,2021.18,4,3:57,,,feeding,D.24,A,flying ant,<.5,,,,
blind,2019,6/28/2021,GBS,2021.18,4,3:57,,,feeding,D.24,A,hake,1,,,,
blind,2019,6/28/2021,GBS,2021.18,4,3:59,,,failed feeding,D.76,A,butterfish,1.5,,,,
blind,2019,6/28/2021,GBS,2021.18,4,4:01,,,feeding,D.24,A,flying ant,<.5,,,,
blind,2019,6/28/2021,GBS,2021.18,4,4:04,,,feeding,D.36,A,hake,1,,,,
blind,2019,6/28/2021,GBS,2021.18,4,4:07,,,feeding,D.24,A,flying ant,<.5,,,,
blind,2019,6/28/2021,GBS,2021.18,4,4:10,,,feeding,D.07,A,hake,1,GPS 647,,,
blind,2019,6/28/2021,GBS,2021.18,4,4:14,,,feeding,D.06,A,herring,2,,,,
blind,2019,6/28/2021,GBS,2021.18,4,4:15,,,feeding,D.07,A,flying ant,<.5,GPS 647,,,
blind,2019,6/28/2021,GBS,2021.18,4,4:18,,,feeding,D.24,A,flying ant,<.5,,,,
blind,2019,6/28/2021,GBS,2021.18,4,4:22,,,feeding,D.24,A,flying ant,<.5,,,,
blind,2019,6/28/2021,GBS,2021.18,4,4:25,,,feeding,D.24,A,flying ant,<.5,,,,
blind,2019,6/28/2021,GBS,2021.18,4,4:44,,,feeding,D.22,A,sandlance,2.5,,,,
blind,2019,6/28/2021,GBS,2021.18,4,4:48,,,feeding,D.36,A,hake,1,,,,
blind,2019,6/28/2021,GBS,2021.18,4,4:49,,,feeding,D.24,A,hake,1,,,,
blind,2019,6/28/2021,GBS,2021.18,4,4:55,,,feeding,D.24,A,hake,1,,,,
blind,2019,6/28/2021,GBS,2021.18,4,5:03,,,feeding,D.22,A,butterfish,1.5,,,,
blind,2019,6/28/2021,GBS,2021.18,4,5:03,,,feeding,D.25,A,hake,1,,,,
blind,2019,6/28/2021,GBS,2021.18,4,5:12,,,feeding,D.36,A,hake,0.5,,,,
blind,2019,6/28/2021,GBS,2021.18,4,5:12,,,end,,,,,,,,
blind,2019,6/29/2021,GBS,2021.19,3,7:47,60,10,start,SB.03/SB.04/SB.05/SB.06/SB.08/SB.09/D.58/D.05/D.59/D.04/R.27,,,,,,,
blind,2019,6/29/2021,GBS,2021.19,3,7:48,,,feeding,SB.06,A,herring,2.5,,,,
blind,2019,6/29/2021,GBS,2021.19,3,7:53,,,feeding,D.58,A,unknown,0.5,,,,
blind,2019,6/29/2021,GBS,2021.19,3,7:55,,,feeding,D.59,A,invert,0.25,UB mate,,,
blind,2019,6/29/2021,GBS,2021.19,3,7:57,,,feeding,D.59,A,hake,1,UB mate,,,
blind,2019,6/29/2021,GBS,2021.19,3,7:58,,,feeding,SB.05,A,invert,0.25,,,,
blind,2019,6/29/2021,GBS,2021.19,3,8:00,,,feeding,D.59,A,hake,0.5,,,,
blind,2019,6/29/2021,GBS,2021.19,3,8:00,,,feeding,SB.05,A,invert,0.25,,,,
blind,2019,6/29/2021,GBS,2021.19,3,8:02,,,feeding,SB.03,A,hake,1.5,,,,
blind,2019,6/29/2021,GBS,2021.19,3,8:02,,,feeding,D.11,A,hake,1.5,,,,
blind,2019,6/29/2021,GBS,2021.19,3,8:05,,,feeding,D.59,A,hake,1,UB mate,,,
blind,2019,6/29/2021,GBS,2021.19,3,8:08,,,feeding,R.27,A,unknown fish,1,,,,
blind,2019,6/29/2021,GBS,2021.19,3,8:09,,,feeding,SB.04,A,herring,3.5,,,,
blind,2019,6/29/2021,GBS,2021.19,3,8:15,,,feeding,D.59,A,hake,0.5,UB mate,,,
blind,2019,6/29/2021,GBS,2021.19,3,8:24,,,feeding,D.04,A,hake,1,,,,
blind,2019,6/29/2021,GBS,2021.19,3,8:26,,,feeding,D.59,A,hake,1,UB mate,,,
blind,2019,6/29/2021,GBS,2021.19,3,8:34,,,feeding,SB.06,A,hake,1,,,,
blind,2019,6/29/2021,GBS,2021.19,3,8:35,,,feeding,SB.09,A,hake,1,,,,
blind,2019,6/29/2021,GBS,2021.19,3,8:38,,,failed feeding,D.58,A,butterfish,1.5,,30 minute handling time,,
blind,2019,6/29/2021,GBS,2021.19,3,8:40,,,feeding,D.04,A,hake,1,,,,
blind,2019,6/29/2021,GBS,2021.19,3,8:43,,,feeding,SB.06,A,invert,0.25,,,,
blind,2019,6/29/2021,GBS,2021.19,3,8:45,,,feeding,D.04,A,hake,1,,,,
blind,2019,6/29/2021,GBS,2021.19,3,8:45,,,feeding,SB.04,A,mummichog,1.5,,,,
blind,2019,6/29/2021,GBS,2021.19,3,8:47,,,end,,,,,,,,
blind,2019,6/28/2021,GBS,2021.2,3,8:27 AM,120,9,start,SB.05(a) D.11(a) D.59(a) D.58(a) D.04(a) SB.04(a) SB.08(a) SB.03(a) SB.09(a) R05.(a),,,,,,,
blind,2019,6/28/2021,GBS,2021.2,3,8:28,,,feeding,SB.08,A,herring,2,,,,
blind,2019,6/28/2021,GBS,2021.2,3,8:31,,,feeding,D.11,A,hake,1.5,,,,
blind,2019,6/28/2021,GBS,2021.2,3,8:32,,,feeding,D.58,A,sandlance,2.5,,,,
blind,2019,6/28/2021,GBS,2021.2,3,8:32,,,feeding,SB.05,A,shrimp,1,,,,
blind,2019,6/28/2021,GBS,2021.2,3,8:36,,,feeding,D.58,A,hake,1,,,,
blind,2019,6/28/2021,GBS,2021.2,3,8:38,,,feeding,SB.05,A,invert,0.25,,,,
blind,2019,6/28/2021,GBS,2021.2,3,8:42,,,feeding,SB.05,A,invert,0.25,,,,
blind,2019,6/28/2021,GBS,2021.2,3,8:43,,,feeding, R.05,A,unknown,?,,,,
blind,2019,6/28/2021,GBS,2021.2,3,8:46,,,feeding,SB.09,A,hake,1,,,,
blind,2019,6/28/2021,GBS,2021.2,3,8:47,,,feeding,SB.05,A,invert,0.25,,,,
blind,2019,6/28/2021,GBS,2021.2,3,8:49,,,feeding,D.58,A,hake,1,,,,
blind,2019,6/28/2021,GBS,2021.2,3,8:50,,,feeding,SB.04,A,herring,3.5,,,,
blind,2019,6/28/2021,GBS,2021.2,3,8:55,,,feeding,SB.04,A,hake,0.5,,,,
blind,2019,6/28/2021,GBS,2021.2,3,8:55,,,feeding,SB.09,A,hake,1,,,,
blind,2019,6/29/2021,GBS,2021.2,Rost area 4,8:55,,,start,R.a/R.b,,,,,2 Rosts nests without nest ID confirmed,,
blind,2019,6/28/2021,GBS,2021.2,3,8:56,,,feeding,SB.05,A,invert,0.25,,,,
blind,2019,6/28/2021,GBS,2021.2,3,8:59,,,feeding,D.58,A,hake,1,,,,
blind,2019,6/28/2021,GBS,2021.2,3,9:00,,,feeding,SB.05,A,hake,1,,,,
blind,2019,6/28/2021,GBS,2021.2,3,9:00,,,feeding,SB.09,A,invert,0.25,,,,
blind,2019,6/28/2021,GBS,2021.2,3,9:01,,,failed feeding ,SB.04,A,butterfish,1.5,,,,
blind,2019,6/28/2021,GBS,2021.2,3,9:02,,,feeding,D.58,A,hake,1,,,,
blind,2019,6/28/2021,GBS,2021.2,3,9:02,,,feeding,SB.09,A,invert,0.25,,,,
blind,2019,6/28/2021,GBS,2021.2,3,9:06,,,feeding,D.11,A,hake,1,,,,
blind,2019,6/28/2021,GBS,2021.2,3,9:06,,,feeding,D.58,A,hake,1,,,,
blind,2019,6/28/2021,GBS,2021.2,3,9:07,,,feeding,D.58,A,invert,0.25,,,,
blind,2019,6/29/2021,GBS,2021.2,Rost area 4,9:09,,,feeding,R.a,,hake,2,,,,
blind,2019,6/28/2021,GBS,2021.2,3,9:11,,,feeding,Sb.09,A,hake,1,,,,
blind,2019,6/29/2021,GBS,2021.2,Rost area 4,9:13,,,feeding,R.a,,unknown fish,1,,,,
blind,2019,6/28/2021,GBS,2021.2,3,9:19,,,failed feeding ,D.05,A,herring,4,,,,
blind,2019,6/29/2021,GBS,2021.2,Rost area 4,9:20,,,feeding,R.a,,sandlance,3,,,,
blind,2019,6/28/2021,GBS,2021.2,3,9:25,,,feeding,SB.06,A,herring,2,,,,
blind,2019,6/28/2021,GBS,2021.2,3,9:28,,,feeding,D.04,A,herring,1.5,ub ,,,
blind,2019,6/29/2021,GBS,2021.2,Rost area 4,9:38,,,feeding,R.b,,sandlance,2.5,,,,
blind,2019,6/28/2021,GBS,2021.2,3,9:44,,,feeding,D.59,A,hake,1,,,,
blind,2019,6/28/2021,GBS,2021.2,3,9:46,,,failed feeding ,D.11,A,butterfish,2,,,,
blind,2019,6/28/2021,GBS,2021.2,3,9:46,,,feeding,SB.05,A,invert,0.25,,,,
blind,2019,6/28/2021,GBS,2021.2,3,9:49,,,feeding,SB.09,A,hake,1,,,,
blind,2019,6/28/2021,GBS,2021.2,3,9:50,,,feeding,Sb.05,A,ivert,0.25,,,,
blind,2019,6/28/2021,GBS,2021.2,3,9:55,,,feeding,SB.05,A,invert,0.25,,,,
blind,2019,6/29/2021,GBS,2021.2,Rost area 4,9:55,,,end,,,,,,,,
blind,2019,6/28/2021,GBS,2021.2,3,9:57,,,feeding,D.11,A,invert,0.25,,,,
blind,2019,6/28/2021,GBS,2021.2,3,9:58,,,failed feeding ,D.04,A,butterfish,2,,,,
blind,2019,6/28/2021,GBS,2021.2,3,10:03,,,feeding,SB.05,A,unknown,?,,,,
blind,2019,6/28/2021,GBS,2021.2,3,10:05,,,feeding,SB.05,A,invert,0.25,,,,
blind,2019,6/28/2021,GBS,2021.2,3,10:07,,,feeding,SB.08,A,hake,1,,,,
blind,2019,6/28/2021,GBS,2021.2,3,10:09,,,feeding,SB.06,A,hake,1.5,,,,
blind,2019,6/28/2021,GBS,2021.2,3,10:10,,,feeding,SB.05,A,invert,0.5,,,,
blind,2019,6/28/2021,GBS,2021.2,3,10:13,,,feeding,D.04,A,hake,1,ub,,,
blind,2019,6/28/2021,GBS,2021.2,3,10:14,,,feeding,D.59,A,invert,0.25,,,,
blind,2019,6/28/2021,GBS,2021.2,3,10:14,,,feeding,SB.05,A,invert,0.25,,,,
blind,2019,6/28/2021,GBS,2021.2,3,10:17,,,feeding,SB.05,A,invert,0.25,,observed foraging in shallows of little seavey ,,
blind,2019,6/28/2021,GBS,2021.2,3,10:19,,,feeding,D.59,A,hake,0.5,,,,
blind,2019,6/28/2021,GBS,2021.2,3,10:19,,,feeding,SB.05,A,invert,0.5,,,,
blind,2019,6/28/2021,GBS,2021.2,3,10:24,,,feeding,SB.05,A,invert,0.5,,recorded video of feeding off little seavey ,,
blind,2019,6/28/2021,GBS,2021.2,3,10:25,,,feeding,D.59,A,hake,1,,,,
blind,2019,6/28/2021,GBS,2021.2,3,10:27,,,end,,,,,,,,
blind,2019,7/6/2021,OAS,2021.21,2,4:00,100,10,start,D.40/D.10/D.68/D.16/D.09/D.70/NB.03/NB.02/NB.05/NB.01,A,,,,,,
blind,2019,7/6/2021,OAS,2021.21,2,4:02,,,stolen from,D.10,A,butterfish,2.5,,handling for a while and was eventually stolen,,
blind,2019,7/6/2021,OAS,2021.21,2,4:14,,,feeding,NB.02,A,unknown fish,?,,,,
blind,2019,7/6/2021,OAS,2021.21,2,4:14,,,feeding,D.09,A,hake,0.5,,,,
blind,2019,7/6/2021,OAS,2021.21,2,4:16,,,feeding,D.10,A,unknown,?,,,,
blind,2019,7/6/2021,OAS,2021.21,2,4:20,,,feeding,NB.03,A,unknown fish,2,,,,
blind,2019,7/6/2021,OAS,2021.21,2,4:22,,,feeding,D.16,A,unknown fish,0.5,,,,
blind,2019,7/6/2021,OAS,2021.21,2,4:24,,,feeding,NB.03,A,unknown,?,,,,
blind,2019,7/6/2021,OAS,2021.21,2,4:25,,,feeding?,D.68,A or B,hake,2,,,,
blind,2019,7/6/2021,OAS,2021.21,2,4:29,,,feeding,D.10,A,sandlance,2.5,,,,
blind,2019,7/6/2021,OAS,2021.21,2,4:30,,,feeding,NB.03,A,hake,1,,,,
blind,2019,7/6/2021,OAS,2021.21,2,4:32,,,feeding,NB.05,A,unknown fish,2,,,,
blind,2019,7/6/2021,OAS,2021.21,2,4:35,,,feeding,D.68,A or B,hake,1,,,,
blind,2019,7/6/2021,OAS,2021.21,2,4:36,,,feeding,NB.03,A,hake,0.5,,,,
blind,2019,7/6/2021,OAS,2021.21,2,4:43,,,self feeding,D.10,A,unknown fish,1,,dropped by an adult,,
blind,2019,7/6/2021,OAS,2021.21,2,4:47,,,feeding,NB.03,A,hake,1,,,,
blind,2019,7/6/2021,OAS,2021.21,2,4:48,,,failed feeding?,D.09,A,butterfish,2,,,,
blind,2019,7/6/2021,OAS,2021.21,2,4:50,,,feeding,NB.02,A,unknown fish,?,,,,
blind,2019,7/6/2021,OAS,2021.21,2,4:53,,,feeding,NB.03,A,unknown,0.5,,,,
blind,2019,7/6/2021,OAS,2021.21,2,4:54,,,feeding,NB.05,A,sandlance,2.5,,,,
blind,2019,7/6/2021,OAS,2021.21,2,4:57,,,feeding,D.40,A,herring,2,,,,
blind,2019,7/6/2021,OAS,2021.21,2,5:00,,,feeding,NB.03,A,hake,1,,,,
blind,2019,7/6/2021,OAS,2021.21,2,5:01,,,feeding,D.68,A or B,sandlance,2.5,,,,
blind,2019,7/6/2021,OAS,2021.21,2,5:04,,,feeding,NB.02,A,unknown fish,2,,,,
blind,2019,7/6/2021,OAS,2021.21,2,5:05,,,feeding,D.16,A,unknown fish,?,,,,
blind,2019,7/6/2021,OAS,2021.21,2,5:07,,,feeding,D.10,A,unknown fish,1,,not silvery,,
blind,2019,7/6/2021,OAS,2021.21,2,5:10,,,feeding,NB.03,A,hake,0.5,,,,
blind,2019,7/6/2021,OAS,2021.21,2,5:11,,,feeding,NB.05,A,unknown fish,2,,,,
blind,2019,7/6/2021,OAS,2021.21,2,5:12,,,feeding,NB.03,A,hake,0.5,,,,
blind,2019,7/6/2021,OAS,2021.21,2,5:14,,,failed feeding,D.16,A,butterfish,2,,"dirty, likely a discard",,
blind,2019,7/6/2021,OAS,2021.21,2,5:17,,,feeding,NB.05,A,unknown fish,?,,,,
blind,2019,7/6/2021,OAS,2021.21,2,5:22,,,feeding,D.68,A or B,unknown fish,2,,"deep bodied, no fork, brown",,
blind,2019,7/6/2021,OAS,2021.21,2,5:27,,,feeding,NB.02,A,gadid,2,,,,
blind,2019,7/6/2021,OAS,2021.21,2,5:29,,,feeding,NB.03,A,hake,0.5,,,,
blind,2019,7/6/2021,OAS,2021.21,2,5:37,,,feeding,D.70,A,hake,0.5,,,,
blind,2019,7/6/2021,OAS,2021.21,2,5:40,,,end,,,,,,,,
blind,2019,7/1/2021,OAS,2021.22,2,1:38,,,feeding,D.09,A,hake,1,,,,
blind,2019,7/1/2021,OAS,2021.22,2,1:48,,,failed,D.09,A,butterfish,2,,discarded butterfish,,
blind,2019,7/1/2021,OAS,2021.22,2,1:54,,,end,,,,,,,,
blind,2019,7/1/2021,OAS,2021.22,2,12:24,90,6,start,NB.01/NB.05/D.40/D.09/D.15/D.16,,,,,,,
blind,2019,7/1/2021,OAS,2021.22,2,12:32,,,feeding,NB.01,A,unknown fish,?,GPS 802,,,
blind,2019,7/1/2021,OAS,2021.22,2,12:35,,,feeding,NB.05,A,unknown fish,1,,,,
blind,2019,7/1/2021,OAS,2021.22,2,12:37,,,feeding,NB.03,A,herring,2,,,,
blind,2019,7/1/2021,OAS,2021.22,2,12:40,,,feeding,D.40,A or B,herring,2,,,,
blind,2019,7/1/2021,OAS,2021.22,2,12:45,,,feeding,D.02,A or B,herring,3,,MASSIVE,,
blind,2019,7/1/2021,OAS,2021.22,2,12:47,,,feeding,D.15,A,herring,2,,,,
blind,2019,7/1/2021,OAS,2021.22,2,12:52,,,feeding,NB.04,A,unknown,?,,,,
blind,2019,7/1/2021,OAS,2021.22,2,12:55,,,feeding,NB.04,A,unknown fish,?,,,,
blind,2019,7/3/2021,OAS,2021.23,1 and ROST 9,1:01,,,feeding,R.73,B,hake,1,,,,
blind,2019,7/3/2021,OAS,2021.23,1 and ROST 9,1:04,,,feeding,D.44,A,herring,2,,,,
blind,2019,7/3/2021,OAS,2021.23,1 and ROST 9,1:14,,,feeding,D.44,A,unknown,?,,,,
blind,2019,7/3/2021,OAS,2021.23,1 and ROST 9,1:18,,,feeding,R.73,B,hake,1,,,,
blind,2019,7/3/2021,OAS,2021.23,1 and ROST 9,1:26,,,feeding,R.73,B,hake,1,,,,
blind,2019,7/3/2021,OAS,2021.23,1 and ROST 9,1:40,,,end,,,,,,,,
blind,2019,7/3/2021,OAS,2021.23,1 and ROST 9,11:37,123,3,start,D.44/D.55/R.36/D.54/R.03/R.73,,,,,,,
blind,2019,7/3/2021,OAS,2021.23,1 and ROST 9,11:42,,,feeding,R.36,A,unknown fish,?,,,,
blind,2019,7/3/2021,OAS,2021.23,1 and ROST 9,12:00,,,feeding,R.03,A,unknown fish,?,,,,
blind,2019,7/3/2021,OAS,2021.23,1 and ROST 9,12:05,,,feeding,D.44,A,herring,2,,,,
blind,2019,7/3/2021,OAS,2021.23,1 and ROST 9,12:20,,,feeding,R.36,A,hake,1,,,,
blind,2019,7/3/2021,OAS,2021.23,1 and ROST 9,12:23,,,feeding,R.03,A,unknown fish,?,,,,
blind,2019,7/3/2021,OAS,2021.23,1 and ROST 9,12:26,,,feeding,D.55,A,unknown,?,,,,
blind,2019,7/3/2021,OAS,2021.23,1 and ROST 9,12:29,,,feeding,D.44,A,hake,1,,,,
blind,2019,7/3/2021,OAS,2021.23,1 and ROST 9,12:46,,,feeding,R.03,A,unknown fish,1,,,,
blind,2019,7/3/2021,OAS,2021.23,1 and ROST 9,12:50,,,feeding,R.36,A,herring,1,,,,
blind,2019,7/3/2021,OAS,2021.23,1 and ROST 9,12:51,,,feeding,D.55,A,hake,1,,,,
blind,2019,6/26/2021,GBS,2021.24,3,7:55,90,7,start,, D.11(a) D.59(a) D.58(a) D.04(a)  SB.03(a) SB.09(a) D.05.(a),,,,,,
blind,2019,6/26/2021,GBS,2021.24,3,7:59,,,feeding,D.11,A,herring,2,,,,
blind,2019,6/26/2021,GBS,2021.24,3,8:03,,,feeding,D.58,A,hake,1,,,,
blind,2019,6/26/2021,GBS,2021.24,3,8:03,,,feeding,SB.03,A,herring,2,,,,
blind,2019,6/26/2021,GBS,2021.24,3,8:06,,,feeding,R.27,A,unknown fish,1,,,,
blind,2019,6/26/2021,GBS,2021.24,3,8:14,,,feeding,D.58,A,hake,1,,,,
blind,2019,6/26/2021,GBS,2021.24,3,8:14,,,feeding,D.58,A,sandlance,2.5,,,,
blind,2019,6/26/2021,GBS,2021.24,3,8:15,,,feeding,SB.06,A,Invert,0.25,,,,
blind,2019,6/26/2021,GBS,2021.24,3,8:16,,,feeding,D.59,A,hake,1,,,,
blind,2019,6/26/2021,GBS,2021.24,3,8:19,,,feeding,D.59,A,hake,1,,,,
blind,2019,6/26/2021,GBS,2021.24,3,8:20,,,feeding,SB.08,A,mummichog,1.5,,,,
blind,2019,6/26/2021,GBS,2021.24,3,8:20,,,feeding,SB.08,A,mummichog,1.5,,,,
blind,2019,6/26/2021,GBS,2021.24,3,8:30,,,feeding,D.59,A,hake,1,,,,
blind,2019,6/26/2021,GBS,2021.24,3,8:32,,,feeding,D.59,A,hake,1,,,,
blind,2019,6/26/2021,GBS,2021.24,3,8:40,,,feeding,D.05,A,unknown,0.25,,,,
blind,2019,6/26/2021,GBS,2021.24,3,8:44,,,feeding,D.59,A,hake,1,,,,
blind,2019,6/26/2021,GBS,2021.24,3,8:47,,,feeding,SB.04,A,mummichog,1.5,,,,
blind,2019,6/26/2021,GBS,2021.24,3,8:47,,,feeding,D.11,A,sandlance,3,,,,
blind,2019,6/26/2021,GBS,2021.24,3,8:55,,,feeding,D.59,A,hake,1,,,,
blind,2019,6/26/2021,GBS,2021.24,3,9:00,,,feeding,SB.05,A,herring,2,,,,
blind,2019,6/26/2021,GBS,2021.24,3,9:01,,,feeding,SB.04,A,mummichog,1.5,,,,
blind,2019,6/26/2021,GBS,2021.24,3,9:05,,,feeding,SB.06,A,unknown,?,,,,
blind,2019,6/26/2021,GBS,2021.24,3,9:10,,,feeding,R.05,A,unknown fish,1.5,,,,
blind,2019,6/26/2021,GBS,2021.24,3,9:16,,,feeding,D.58,A,hake,1,,,,
blind,2019,6/26/2021,GBS,2021.24,3,9:17,,,feeding,SB.09,A,hake,1,,,,
blind,2019,6/26/2021,GBS,2021.24,3,9:24,,,failed feeding,D.05,A,butterfish,1.5,,,,
blind,2019,6/26/2021,GBS,2021.24,3,9:25,,,end,,,,,,,,
blind,2019,7/13/2021,OAS,2021.25,3,10:20,0:00,6,start,D.13/D.58/D.04/SB.03/SB.04/SB.05,,,,,,,
blind,2019,7/13/2021,OAS,2021.25,3,10:22,,,feeding,SB.05,A,euphausiid,0.5,,,,
blind,2019,7/13/2021,OAS,2021.25,3,10:24,,,feeding,SB.05,A,stickleback,0.5,,,,
blind,2019,7/13/2021,OAS,2021.25,3,10:27,,,failed feeding,SB.03,A,butterfish,3,,,,
blind,2019,7/13/2021,OAS,2021.25,3,10:35,,,feeding,SB.05,A,unknown fish,0.5,,,,
blind,2019,7/13/2021,OAS,2021.25,3,10:35,,,feeding,SB.05,A,mummichog,2,GPS 369,,,
blind,2019,7/13/2021,OAS,2021.25,3,10:41,,,failed feeding,D.58,A,butterfish,2,,repeated feeding attempts,,
blind,2019,7/13/2021,OAS,2021.25,3,10:56,,,feeding,SB.05,A,stickleback,0.5,,,,
blind,2019,7/13/2021,OAS,2021.25,3,11:20,,,feeding,R.27,A,sandlance,3,,,,
blind,2019,7/13/2021,OAS,2021.25,3,11:33,,,end,,,,,,,,
blind,2019,7/13/2021,OAS,2021.26,4,2:25,121,5,start,D.22/D.25/D.07.2/D.51/D.75,,,,D.22 returned,,,
blind,2019,7/13/2021,OAS,2021.26,4,2:33,,,feeding,D.07.2,A,hake,0.5,,,,
blind,2019,7/13/2021,OAS,2021.26,4,2:54,,,feeding,D.22,A,unknown fish,1,,,,
blind,2019,7/13/2021,OAS,2021.26,4,3:09,,,feeding,D.51,A,mackerel,2,GPS 224,,,
blind,2019,7/13/2021,OAS,2021.26,4,3:10,,,feeding,D.25,A,stickleback,1,,,,
blind,2019,7/13/2021,OAS,2021.26,4,3:22,,,feeding,D.07.2,A,hake,0.5,,,,
blind,2019,7/13/2021,OAS,2021.26,4,3:29,,,feeding,D.75,A,butterfish,2,,Successful after many attempts,,
blind,2019,7/13/2021,OAS,2021.26,4,3:37,,,feeding,D.07.2,A,stickleback,?,,,,
blind,2019,7/13/2021,OAS,2021.26,4,3:40,,,feeding,D.07.2,A,hake,0.5,,,,
blind,2019,7/13/2021,OAS,2021.26,4,3:40,,,feeding,D.07.2,A,stickleback,0.5,,,,
blind,2019,7/13/2021,OAS,2021.26,4,3:55,,,feeding,D.07.2,A,stickleback,0.5,,,,
blind,2019,7/13/2021,OAS,2021.26,4,4:01,,,feeding,D.25,A,unknown fish,0.5,,hake or stickleback,,
blind,2019,7/13/2021,OAS,2021.26,4,4:16,,,failed,D.51,A,butterfish,2,UB ,,,
blind,2019,7/13/2021,OAS,2021.26,4,4:24,,,end,,,,,,,,
blind,2019,7/7/2021,GVC,2021.27,3,13:46,120,6,start,SB.05/DB.03/SB.04/D.58/D.11/D.64,,,,,,,
blind,2019,7/7/2021,GVC,2021.27,3,13:52,,,feeding,SB.05,,unknown,<0.5,,,,
blind,2019,7/7/2021,GVC,2021.27,3,14:01,,,feeding,SB.05,,euphausiid,0.5,,,,
blind,2019,7/7/2021,GVC,2021.27,3,14:02,,,feeding,SB.05,,euphausiid,0.5,,,,
blind,2019,7/7/2021,GVC,2021.27,3,14:03,,,feeding,SB.05,,euphausiid,0.5,,,,
blind,2019,7/7/2021,GVC,2021.27,3,14:05,,,feeding,SB.05,,euphausiid,0.5,,,,
blind,2019,7/7/2021,GVC,2021.27,3,14:07,,,feeding,SB.05,,euphausiid,0.5,,,,
blind,2019,7/7/2021,GVC,2021.27,3,14:11,,,GPS bird returned,,,,,GPS 369,No food,,
blind,2019,7/7/2021,GVC,2021.27,3,14:13,,,feeding,D.13,,sandlance,2.5,,,,
blind,2019,7/7/2021,GVC,2021.27,3,14:21,,,feeding,SB.05,,unknown fish,0.5,,,,
blind,2019,7/7/2021,GVC,2021.27,3,14:34,,,feeding,SB.05,,euphausiid,0.5,,,,
blind,2019,7/7/2021,GVC,2021.27,3,14:34,,,GPS bird returned,,,,,GPS 369,"No food, SB.05 chased it away",,
blind,2019,7/7/2021,GVC,2021.27,3,14:44,,,feeding,D.64,,gadid,1.5,,,,
blind,2019,7/7/2021,GVC,2021.27,3,14:51,,,feeding,D.64,,dragonfly,1.5,,,,
blind,2019,7/7/2021,GVC,2021.27,3,14:59,,,feeding,SB.04,,herring,3.5,,,,
blind,2019,7/7/2021,GVC,2021.27,3,15:21,,,feeding,D.64,,gadid,1.5,,,,
blind,2019,7/7/2021,GVC,2021.27,3,15:21,,,GPS bird returned,,,,,GPS 369,"No food, SB.05 chased it away",,
blind,2019,7/7/2021,GVC,2021.27,3,15:29,,,GPS bird returned,,,,,GPS 369,"No food, stayed till end of watch",,
blind,2019,7/7/2021,GVC,2021.27,3,15:30,,,feeding,D.64,,gadid,1.5,,,,
blind,2019,7/7/2021,GVC,2021.27,3,15:46,,,end,,,,,,,,
blind,2019,7/11/2021,GBS,2021.28,3,8:47,,8,start,D.58/D.04/D.13/D.D.41/SB.03/SB.05/SB.04/SB.06,,,,,,x,
blind,2019,7/11/2021,GBS,2021.28,3,8:51,,,feeding,D.41,A,unknown,1,,,x,
blind,2019,7/11/2021,GBS,2021.28,3,9:15,,,feeding,SB.06,A,butterfish,1.5,,,x,
blind,2019,7/11/2021,GBS,2021.28,3,9:16,,,feeding,SB.06,A,mummichog,1,,,x,
blind,2019,7/11/2021,GBS,2021.28,3,9:24,,,feeding,D.13,A,sandlance,2,,,x,
blind,2019,7/11/2021,GBS,2021.28,3,9:34,,,feeding,SB.03,A,herring,1.5,,,x,
blind,2019,7/11/2021,GBS,2021.28,3,9:39,,,feeding,D.41,A,shrimp,1,,,x,
blind,2019,7/11/2021,GBS,2021.28,3,9:49,,,feeding,D.04,A,unknown,?,,,x,
blind,2019,7/11/2021,GBS,2021.28,3,10:10,,,feeding,D.04,A,gadid,1,GPS 811,two fish in bill,x,
blind,2019,7/11/2021,GBS,2021.28,3,10:10,,,feeding,D.04,A,gadid,1.5,GPS 811,two fish in bill,x,
blind,2019,7/11/2021,GBS,2021.28,3,10:11,,,feeding,SB.06,A,butterfish,1.5,,,x,
blind,2019,7/11/2021,GBS,2021.28,3,10:12,,,failed feeding,SB.03,A,butterfish,2,,,x,
blind,2019,7/11/2021,GBS,2021.28,3,10:13,,,attempted flight,R.27,A,,,,,x,
blind,2019,7/11/2021,GBS,2021.28,3,10:16,,,failed feeding,SB.06,A,butterfish,1.5,both parents attempting to feed butterfish despite chick having one from earlier in bill already,,x,
blind,2019,7/11/2021,GBS,2021.28,3,10:16,,,end,,,,,,unknown end time: ALIYA ADDED END TIME in 2022,x,
blind,2019,7/3/2021,OAS,2021.29,4,3:00,90,9,start,D.25/D.07/D.06/D.75/D.76/D.51/D.36/D.27/D.22,,,,,,,
blind,2019,7/3/2021,OAS,2021.29,4,3:03,,,feeding,D.25,A,herring,2,,,,
blind,2019,7/3/2021,OAS,2021.29,4,3:08,,,feeding,D.36,A,hake,1,,,,
blind,2019,7/3/2021,OAS,2021.29,4,3:18,,,feeding,D.76,A,unknown fish,?,,,,
blind,2019,7/3/2021,OAS,2021.29,4,3:21,,,feeding,D.06,A,sandlance,3,,,,
blind,2019,7/3/2021,OAS,2021.29,4,3:26,,,feeding,D.22,A,unknown fish,2,,brownish-green,,
blind,2019,7/3/2021,OAS,2021.29,4,3:32,,,feeding,D.76,A,hake,1,,,,
blind,2019,7/3/2021,OAS,2021.29,4,3:36,,,stolen from,D.06,A,hake,2,,,,
blind,2019,7/3/2021,OAS,2021.29,4,3:38,,,feeding,D.22,A,hake,0.5,,,,
blind,2019,7/3/2021,OAS,2021.29,4,3:41,,,feeding,D.27,A,hake,1,,,,
blind,2019,7/3/2021,OAS,2021.29,4,3:43,,,feeding,D.22,A,butterfish,2,,No head! Long handling time,,
blind,2019,7/3/2021,OAS,2021.29,4,3:50,,,feeding,D.06,A,sandlance,2.5,,,,
blind,2019,7/3/2021,OAS,2021.29,4,3:54,,,feeding,D.36,A,hake,0.5,,,,
blind,2019,7/3/2021,OAS,2021.29,4,3:57,,,feeding,D.36,A,hake,1,,,,
blind,2019,7/3/2021,OAS,2021.29,4,4:03,,,feeding,D.51,A,hake,1,GPS 224,,,
blind,2019,7/3/2021,OAS,2021.29,4,4:06,,,feeding,D.75,A,hake,1,,,,
blind,2019,7/3/2021,OAS,2021.29,4,4:11,,,feeding,D.36,A,unknown,?,,,,
blind,2019,7/3/2021,OAS,2021.29,4,4:11,,,feeding,D.22,A,hake,0.5,,,,
blind,2019,7/3/2021,OAS,2021.29,4,4:12,,,feeding,D.36,A,invertebrate,0.5,,,,
blind,2019,7/3/2021,OAS,2021.29,4,4:16,,,feeding,D.76,A,hake,0.5,,,,
blind,2019,7/3/2021,OAS,2021.29,4,4:23,,,feeding,D.51,A,hake,0.5,GPS 224,,,
blind,2019,7/3/2021,OAS,2021.29,4,4:23,,,feeding,D.36,A,hake,0.5,,,,
blind,2019,7/3/2021,OAS,2021.29,4,4:25,,,feeding,D.27,A or B,herring,?,,,,
blind,2019,7/3/2021,OAS,2021.29,4,4:28,,,feeding,D.76,A,unknown fish,?,,,,
blind,2019,7/3/2021,OAS,2021.29,4,4:29,,,feeding,D.75,A,hake,1,,,,
blind,2019,7/3/2021,OAS,2021.29,4,4:30,,,end,,,,,,,,
blind,2019,7/6/2021,GVC,2021.3,4,8:53,120,7,start,D.75/D.76/D.06/D.22/D.25/D.47/D.07.2,,,,,,,
blind,2019,7/6/2021,GVC,2021.3,4,8:56,,,failed feeding,D.07?,orange,butterfish,3,,"back on rocks, metal band",,
blind,2019,7/6/2021,GVC,2021.3,4,8:57,,,failed feeding,D.06,A,butterfish,2.5,,,,
blind,2019,7/6/2021,GVC,2021.3,4,9:15,,,feeding,D.75,A,unknown fish,2,,,,
blind,2019,7/6/2021,GVC,2021.3,4,9:16,,,failed feeding,D.51,A,butterfish,2.5,,,,
blind,2019,7/6/2021,GVC,2021.3,4,9:21,,,failed feeding,D.22,A,butterfish,2.5,,,,
blind,2019,7/6/2021,GVC,2021.3,4,9:32,,,feeding,D.76,B,hake,1.5,,,,
blind,2019,7/6/2021,GVC,2021.3,4,9:34,,,feeding?,D.22,A,butterfish,1.5,,,,
blind,2019,7/6/2021,GVC,2021.3,4,9:39,,,feeding,D51,A,hake,1,,,,
blind,2019,7/6/2021,GVC,2021.3,4,9:50,,,feeding,D.76,B,unknown,1,,,,
blind,2019,7/6/2021,GVC,2021.3,4,10:23,,,feeding,D.51,A,hake,2,,,,
blind,2019,7/6/2021,GVC,2021.3,4,10:24,,,feeding,D.06,A,hake,1.5,,,,
blind,2019,7/6/2021,GVC,2021.3,4,10:29,,,feeding,D.06,A,butterfish,1.5,,,,
blind,2019,7/6/2021,GVC,2021.3,4,10:32,,,feeding,D.22,A,butterfish,2,,,,
blind,2019,7/6/2021,GVC,2021.3,4,10:53,,,end,,,,,,,,
blind,2019,7/7/2021,GVC,2021.31,4,7:35,120,8,start,D.51/D.07.2/D.47/D.75/D.76/D.22/D.25/D.06,,,,,,,
blind,2019,7/7/2021,GVC,2021.31,4,7:43,,,feeding,D.07.2,A,euphausiid,0.5,,,,
blind,2019,7/7/2021,GVC,2021.31,4,8:04,,,feeding,D.25,A,hake,1.5,,,,
blind,2019,7/7/2021,GVC,2021.31,4,8:07,,,failed feeding,D.22,A,butterfish,2,,,,
blind,2019,7/7/2021,GVC,2021.31,4,8:11,,,feeding,D.47,A,hake,1.5,,,,
blind,2019,7/7/2021,GVC,2021.31,4,8:17,,,feeding,D.76,B,unknown fish,1.5,,,,
blind,2019,7/7/2021,GVC,2021.31,4,8:19,,,feeding,D.47,A,unknown,0.5,,,,
blind,2019,7/7/2021,GVC,2021.31,4,8:22,,,failed feeding,D.47,A,butterfish,2.5,,E47,,
blind,2019,7/7/2021,GVC,2021.31,4,8:27,,,feeding,D.51,A,hake,1,GPS 224,241 tagged bird,,
blind,2019,7/7/2021,GVC,2021.31,4,8:45,,,feeding,D.22,A,butterfish,1.5,,,,
blind,2019,7/7/2021,GVC,2021.31,4,8:54,,,feeding,D.25,A,hake,1.5,,,,
blind,2019,7/7/2021,GVC,2021.31,4,9:03,,,feeding,D.51,A,hake,1,,,,
blind,2019,7/7/2021,GVC,2021.31,4,9:16,,,feeding,D.51,A,hake,1,GPS 224,241 tagged bird,,
blind,2019,7/7/2021,GVC,2021.31,4,9:17,,,feeding,D.07.2,A,unknown,<0.5,,,,
blind,2019,7/7/2021,GVC,2021.31,4,9:18,,,feeding,D.07.2,A,unknown,<0.5,,,,
blind,2019,7/7/2021,GVC,2021.31,4,9:19,,,feeding,D.07.2,A,euphausiid,0.5,,,,
blind,2019,7/7/2021,GVC,2021.31,4,9:20,,,failed feeding,D.75,A,stickleback,1.5,,too spikey,,
blind,2019,7/7/2021,GVC,2021.31,4,9:25,,,failed feeding,D.22,A,butterfish,2,,,,
blind,2019,7/7/2021,GVC,2021.31,4,9:28,,,feeding,D.22,A,gadid,2,,,,
blind,2019,7/7/2021,GVC,2021.31,4,9:35,,,end,,,,,,,,
blind,2019,7/21/2021,OAS,2021.32,4,11:19,56,2,start,D.25/D.51,,,,,,,
blind,2019,7/21/2021,OAS,2021.32,4,11:47,,,feeding,D.25,A,invertebrate,0.5,,,,
blind,2019,7/21/2021,OAS,2021.32,4,12:15,,,end,,,,,,,,
blind,2019,7/22/2021,OAS,2021.33,4,10:56,64,3,start,D.25/D.51/D.22,,,,,,,
blind,2019,7/22/2021,OAS,2021.33,4,11:21,,,feeding,D.25,A,hake,0.5,,,,
blind,2019,7/22/2021,OAS,2021.33,4,11:23,,,stolen by/failed feeding,D.25,A,butterfish,2.5,,unltimately a failed feeding,,
blind,2019,7/22/2021,OAS,2021.33,4,12:00,,,end,,,,,,,,
blind,2019,7/23/2021,OAS,2021.34,4,10:50,60,1,start,D.51,,,,,,,
blind,2019,7/23/2021,OAS,2021.34,4,11:50,,,end,,,,,,,,
blind,2019,6/26/2021,ECC,2021.35,Diet area 1,7:58 AM,60,4,start,D.55/D.56 neighbor/D.56/D.37/R.04/R.71,,,,,,,
blind,2019,6/26/2021,ECC,2021.35,Diet area 1,8:00 AM,,,feeding,D.56 neighbor,A,unknown fish,1,,,,
blind,2019,6/26/2021,ECC,2021.35,Diet area 1,8:15 AM,,,feeding,R.04,A or B,sandlance,3.5,,,,
blind,2019,6/26/2021,ECC,2021.35,Diet area 1,8:19 AM,,,feeding,R.71,A or B,unknown fish,0.5,,,,
blind,2019,6/26/2021,ECC,2021.35,Diet area 1,8:41 AM,,,feeding,R.04,A or B,herring,2,,,,
blind,2019,6/26/2021,ECC,2021.35,Diet area 1,8:56 AM,,,feeding,D.56,A,herring,1.5,,,,
blind,2019,6/26/2021,ECC,2021.35,Diet area 1,8:58 AM,,,end,,,,,,,,
blind,2019,7/3/2021,OAS,2021.36,Diet area 4,3:00,90,9,start,D.23/D.03/D.06/D.75/D.76/D.51/D.36/D.27/D.22,,,,,,,
blind,2019,7/3/2021,OAS,2021.36,Diet area 4,3:03,,,feeding,D.25,A,herring,2,,,,
blind,2019,7/3/2021,OAS,2021.36,Diet area 4,3:08,,,feeding,D..36,A,hake,1,,,,
blind,2019,7/3/2021,OAS,2021.36,Diet area 4,3:18,,,feeding,D.76,A,unknown fish,?,,,,
blind,2019,7/3/2021,OAS,2021.36,Diet area 4,3:21,,,feeding,D.03,A,sandlance,3,,,,
blind,2019,7/3/2021,OAS,2021.36,Diet area 4,3:26,,,feeding,D.22,A,unknown fish,2,,brownish-green fish,,
blind,2019,7/3/2021,OAS,2021.36,Diet area 4,3:32,,,feeding,D.76,A,hake,1,,,,
blind,2019,7/3/2021,OAS,2021.36,Diet area 4,3:36,,,stolen,D.06,A,hake,2,,,,
blind,2019,7/3/2021,OAS,2021.36,Diet area 4,3:38,,,feeding,D.22,A,hake,0.5,,,,
blind,2019,7/3/2021,OAS,2021.36,Diet area 4,3:41,,,feeding,D.27,A,hake,1,,,,
blind,2019,7/3/2021,OAS,2021.36,Diet area 4,3:43,,,feeding,D.22,A,butterfish,2,,No head on fish! Very long handling time,,
blind,2019,7/3/2021,OAS,2021.36,Diet area 4,3:50,,,feeding,D.06,A,sandlance,2.5,,,,
blind,2019,7/3/2021,OAS,2021.36,Diet area 4,3:54,,,feeding,D.36,A,hake,0.5,,,,
blind,2019,7/3/2021,OAS,2021.36,Diet area 4,3:57,,,feeding,D.36,A,hake,1,,,,
blind,2019,7/3/2021,OAS,2021.36,Diet area 4,4:03,,,feeding,D.51,A,hake,1,GPS 224,,,
blind,2019,7/3/2021,OAS,2021.36,Diet area 4,4:06,,,feeding,D.75,A,hake,1,,,,
blind,2019,7/3/2021,OAS,2021.36,Diet area 4,4:11,,,feeding,D.36,A,unknown,?,,,,
blind,2019,7/3/2021,OAS,2021.36,Diet area 4,4:11,,,feeding,D.22,A,hake,0.5,,,,
blind,2019,7/3/2021,OAS,2021.36,Diet area 4,4:12,,,feeding,D.36,A,unknown,0.5,,,,
blind,2019,7/3/2021,OAS,2021.36,Diet area 4,4:16,,,feeding,D.76,A,hake,0.5,,,,
blind,2019,7/3/2021,OAS,2021.36,Diet area 4,4:23,,,feeding,D.51,A,hake,0.5,GPS 224,,,
blind,2019,7/3/2021,OAS,2021.36,Diet area 4,4:23,,,feeding,D.36,A,hake,0.5,,,,
blind,2019,7/3/2021,OAS,2021.36,Diet area 4,4:25,,,feeding,D.27,A or B,herring,?,,,,
blind,2019,7/3/2021,OAS,2021.36,Diet area 4,4:28,,,feeding,D.76,A,unknown fish,?,,,,
blind,2019,7/3/2021,OAS,2021.36,Diet area 4,4:29,,,feeding,D.75,A,hake,1,,,,
blind,2019,7/3/2021,OAS,2021.36,Diet area 4,4:30,,,end,,,,,,,,
blind,2019,6/26/2021,ECC,2021.37,2,8:58,35,7,start,NB.01/D.16/D.10/NB.05/D.09/D.40/NB.04,,,,,,,
blind,2019,6/26/2021,ECC,2021.37,2,9:00,,,feeding,NB.01,,herring,2.5,GPS 802,,,
blind,2019,6/26/2021,ECC,2021.37,2,9:15,,,feeding,NB.09,,hake,1,,,,
blind,2019,6/26/2021,ECC,2021.37,2,9:24,,,feeding,D.40,,mummichog,1,,,,
blind,2019,6/26/2021,ECC,2021.37,2,9:32,,,end,,,,,,,,
blind,2019,7/8/2021,ECC,2021.38,Diet area 2,4:30 PM,64,13,start,NB.01/NB.02/NB.03/NB.04/NB.05/D.02/D.09/D.10/D.16/D.40/D.275/D.70/D.68,,,,,"no adults at D.40, chick dying",,
blind,2019,7/8/2021,ECC,2021.38,Diet area 2,4:44 PM,,,Feeding,D.09,A,sandlance,3,,,,
blind,2019,7/8/2021,ECC,2021.38,Diet area 2,4:46 PM,,,Stolen,D.70,A,sandlance,2,,,,
blind,2019,7/8/2021,ECC,2021.38,Diet area 2,4:49 PM,,,Feeding,D.16,A,unknown fish,1,,,,
blind,2019,7/8/2021,ECC,2021.38,Diet area 2,4:53 PM,,,Feeding,NB.02,A,herring,2,,,,
blind,2019,7/8/2021,ECC,2021.38,Diet area 2,5:04 PM,,,Feeding,D.275,A,sandlance,2.5,GPS mate no tag,,,
blind,2019,7/8/2021,ECC,2021.38,Diet area 2,5:12 PM,,,Feeding,D.275,A,sandlance,2,GPS mate no tag,,,
blind,2019,7/8/2021,ECC,2021.38,Diet area 2,5:13 PM,,,Feeding,D.02,A,sandlance,3,,stolen from D.16 A,,
blind,2019,7/8/2021,ECC,2021.38,Diet area 2,5:15 PM,,,Feeding,NB.05,A,sandlance,1.5,,,,
blind,2019,7/8/2021,ECC,2021.38,Diet area 2,5:18 PM,,,Failed Feeding?,D.16,A,butterfish,2,,Did not swallow during watch,,
blind,2019,7/8/2021,ECC,2021.38,Diet area 2,5:26 PM,,,Feeding,D.68,?,sandlance,2.5,,,,
blind,2019,7/8/2021,ECC,2021.38,Diet area 2,5:28 PM,,,Feeding,NB.02,A,sandlance,2,,,,
blind,2019,7/8/2021,ECC,2021.38,Diet area 2,5:34 PM,,,end,,,,,,,,
blind,2019,7/8/2021,ECC,2021.39,Diet area 1,3:30 PM,60,3,start,D.38/D.44/D.55/R.03/R.36/R.04/R.71/R.73,,,,,,,
blind,2019,7/8/2021,ECC,2021.39,Diet area 1,3:43 PM,,,feeding,R.71,A,unknown,?,,,,
blind,2019,7/8/2021,ECC,2021.39,Diet area 1,3:59 PM,,,feeding,R.73,A,unknown,?,,,,
blind,2019,7/8/2021,ECC,2021.39,Diet area 1,4:04 PM,,,feeding,R.03,A,unknown,?,,,,
blind,2019,7/8/2021,ECC,2021.39,Diet area 1,4:09 PM,,,feeding,R.04,A,unknown fish,1,,,,
blind,2019,7/8/2021,ECC,2021.39,Diet area 1,4:30 PM,,,feeding,D.44,A,unknown fish,1,Black PFR 010,,,
blind,2019,7/8/2021,ECC,2021.39,Diet area 1,4:30 PM,,,End,,,,,,,,
blind,2019,7/10/2021,GBS,2021.4,Diet area 2,7:57,75,8,start,D.16/D.09/D.275/D.70/D.02/NB.01/NB.04/NB.03,,,,,D.70A dying,,
blind,2019,7/10/2021,GBS,2021.4,Diet area 2,7:58,,,failed feeding,D.16,A,butterfish,2,,,,
blind,2019,7/10/2021,GBS,2021.4,Diet area 2,8:30,,,failed feeding,D.02,A,butterfish,1.5,,,,
blind,2019,7/10/2021,GBS,2021.4,Diet area 2,8:34,,,feeding,NB.01,A,hake,1,,small silvery fish,,
blind,2019,7/10/2021,GBS,2021.4,Diet area 2,8:37,,,feeding,D.02,A,butterfish,1.5,,,,
blind,2019,7/10/2021,GBS,2021.4,Diet area 2,8:41,,,failed feeding,D.70,A,hake,1.5,,,,
blind,2019,7/10/2021,GBS,2021.4,Diet area 2,8:51,,,failed feeding,NB.04,A,butterfish,2,,,,
blind,2019,7/10/2021,GBS,2021.4,Diet area 2,9:02,,,failed feeding,NB.03,A,butterfish,1.5,,,,
blind,2019,7/10/2021,GBS,2021.4,Diet area 2,9:03,,,feeding,D.02,A,hake,1,,,,
blind,2019,7/10/2021,GBS,2021.4,Diet area 2,9:12,,,end,,,,,,,,
blind,2019,7/3/2021,ECC,2021.41,Diet area 3,11:35,120,10,start,D.11/SB.03/SB.06/SB.05/D.13/D.04/D.05/SB.04/D.58/D.64/R.27/R.28/R.05,,,,,D.59 DEAD,,
blind,2019,7/3/2021,ECC,2021.41,Diet area 3,11:40,,,feeding,D.58,A,invert,0.25,,,,
blind,2019,7/3/2021,ECC,2021.41,Diet area 3,11:43,,,feeding,SB.04,A,herring,1,,,,
blind,2019,7/3/2021,ECC,2021.41,Diet area 3,11:48,,,feeding,SB.06,A,unknown fish,1.5,,,,
blind,2019,7/3/2021,ECC,2021.41,Diet area 3,11:48,,,feeding,SB.03,A,invert,0.25,,,,
blind,2019,7/3/2021,ECC,2021.41,Diet area 3,11:50,,,feeding,D.58,A,dragonfly,1,,,,
blind,2019,7/3/2021,ECC,2021.41,Diet area 3,11:51,,,feeding,SB.04,A,invert,0.25,,,,
blind,2019,7/3/2021,ECC,2021.41,Diet area 3,11:55,,,feeding,D.58,A,dragonfly,1,,,,
blind,2019,7/3/2021,ECC,2021.41,Diet area 3,11:59,,,feeding,D.58,A,invert,0.25,,,,
blind,2019,7/3/2021,ECC,2021.41,Diet area 3,12:05,,,feeding,SB.04,A,herring,1.5,,,,
blind,2019,7/3/2021,ECC,2021.41,Diet area 3,12:11,,,feeding,D.11,A,euphausiid,0.5,,,,
blind,2019,7/3/2021,ECC,2021.41,Diet area 3,12:12,,,feeding,SB.05,A,hake,0.5,,,,
blind,2019,7/3/2021,ECC,2021.41,Diet area 3,12:16,,,feeding,SB.05,A,herring,1.5,,,,
blind,2019,7/3/2021,ECC,2021.41,Diet area 3,12:17,,,feeding,SB.06,A,unknown,?,,,,
blind,2019,7/3/2021,ECC,2021.41,Diet area 3,12:19,,,Failed feeding,D.04,A,butterfish,1.5,mate no gps ?,,,
blind,2019,7/3/2021,ECC,2021.41,Diet area 3,12:21,,,feeding,SB.04,A,hake,0.5,,,,
blind,2019,7/3/2021,ECC,2021.41,Diet area 3,12:27,,,feeding,SB.04,A,unknown,0.5,,,,
blind,2019,7/3/2021,ECC,2021.41,Diet area 3,12:28,,,feeding,D.58,A,hake,1,,,,
blind,2019,7/3/2021,ECC,2021.41,Diet area 3,12:30,,,Failed feeding,D.11,A,hake,1.5,,stolen,,
blind,2019,7/3/2021,ECC,2021.41,Diet area 3,12:33,,,feeding,SB.03,A,hake,1,,,,
blind,2019,7/3/2021,ECC,2021.41,Diet area 3,12:37,,,feeding,SB.06,A,unknown fish,1,,,,
blind,2019,7/3/2021,ECC,2021.41,Diet area 3,12:38,,,feeding,D.58,A,invert,0.5,,,,
blind,2019,7/3/2021,ECC,2021.41,Diet area 3,12:41,,,feeding,D.64,A,sandlance,2.5,,,,
blind,2019,7/3/2021,ECC,2021.41,Diet area 3,12:45,,,feeding,D.58,A,sandlance,3.5,,,,
blind,2019,7/3/2021,ECC,2021.41,Diet area 3,12:46,,,feeding,R.05,A,unknown fish,?,,,,
blind,2019,7/3/2021,ECC,2021.41,Diet area 3,12:50,,,feeding,D.58,A,invert,0.25,,,,
blind,2019,7/3/2021,ECC,2021.41,Diet area 3,12:54,,,feeding,SB.04,A,hake,1,,,,
blind,2019,7/3/2021,ECC,2021.41,Diet area 3,12:58,,,feeding,SB.03,A,invert,0.5,,,,
blind,2019,7/3/2021,ECC,2021.41,Diet area 3,13:01,,,feeding,R.27,A,hake,2.5,,,,
blind,2019,7/3/2021,ECC,2021.41,Diet area 3,13:07,,,feeding,SB.05,A,herring,3,,,,
blind,2019,7/3/2021,ECC,2021.41,Diet area 3,13:10,,,feeding,SB.06,A,herring,2.5,,,,
blind,2019,7/3/2021,ECC,2021.41,Diet area 3,13:15,,,feeding,D.58,A,unknown,0.5,,,,
blind,2019,7/3/2021,ECC,2021.41,Diet area 3,13:27,,,feeding,D.13,A,hake,1.5,,,,
blind,2019,7/3/2021,ECC,2021.41,Diet area 3,13:30,,,feeding,D.04,A,unknown fish,1,GPS 811,,,
blind,2019,7/3/2021,ECC,2021.41,Diet area 3,13:31,,,feeding,R.05,A,unknown,?,,,,
blind,2019,7/3/2021,ECC,2021.41,Diet area 3,13:32,,,feeding,SB.04,A,sandlance,4,,,,
blind,2019,7/3/2021,ECC,2021.41,Diet area 3,13:35,,,end,,,,,,,,
blind,2019,6/29/2021,ECC,2021.42,Diet area 1,7:50 AM,,,start,D.55/D.44/D.54/D.33/D.43/R.71/R.73/R.03/R.04/R.36,,,,,,,
blind,2019,6/29/2021,ECC,2021.42,Diet area 1,7:59,,,feeding,D.44,A,hake,1,unbanded adult,,,
blind,2019,6/29/2021,ECC,2021.42,Diet area 1,8:02,,,feeding,R.04,A or B,herring,2,MFR,,,
blind,2019,6/29/2021,ECC,2021.42,Diet area 1,8:07,,,feeding,D.55,A,invert,0.25,,,,
blind,2019,6/29/2021,ECC,2021.42,Diet area 1,8:08,,,feeding,R.36,A,sandlance,2.5,unbanded adult,,,
blind,2019,6/26/2021,ECC,2021.42,Diet area 1,8:10 AM,,,fly by fish,NA,NA,mummichog,1.5,,,x,
blind,2019,6/29/2021,ECC,2021.42,Diet area 1,8:10,,,feeding,D.44,A,invert,0.25,unbanded adult,,,
blind,2019,6/29/2021,ECC,2021.42,Diet area 1,8:14,,,feeding,D.44,A,invert,0.25,unbanded adult,,,
blind,2019,6/29/2021,ECC,2021.42,Diet area 1,8:17,,,feeding,R.73,B,herring,2,,,,
blind,2019,6/29/2021,ECC,2021.42,Diet area 1,8:21,,,tagged bird circling area with no fish,D.43,,,,,,,
blind,2019,6/29/2021,ECC,2021.42,Diet area 1,8:30,,,feeding,R.03,A,sandlance,2,,,,
blind,2019,6/29/2021,ECC,2021.42,Diet area 1,8:33,,,adult self feeding,D.55,adult,butterfish,2,,,,
blind,2019,6/26/2021,ECC,2021.42,Diet area 1,8:36 AM,,,fly by fish,NA,NA,silverside,4,,,x,
blind,2019,6/29/2021,ECC,2021.42,Diet area 1,8:44,,,feeding,D.44,A,sandlance,4,PFR 010,,,
blind,2019,6/29/2021,ECC,2021.42,Diet area 1,9:05,,,feeding,Northeast of R.04,,herring,1.5,,,,
blind,2019,6/29/2021,ECC,2021.42,Diet area 1,9:05,,,feeding,D.54,A,herring,2,mate,,,
blind,2019,6/29/2021,ECC,2021.42,Diet area 1,9:09,,,feeding,R.71,,unknown fish,,,so fast!,,
blind,2019,6/29/2021,ECC,2021.42,Diet area 1,9:11,,,feeding,D.44,A,invert,0.25,,,,
blind,2019,6/29/2021,ECC,2021.42,Diet area 1,9:12,,,tagged adult switched with mate and departed,D.54,,,,,,,
blind,2019,6/29/2021,ECC,2021.42,Diet area 1,9:18,,,feeding,R.03,A,sandlance,2,,,,
blind,2019,6/29/2021,ECC,2021.42,Diet area 1,9:22,,,feeding,R.36,A,sandlance,2.5,,,,
blind,2019,6/29/2021,ECC,2021.42,Diet area 1,9:32,,,feeding,NB.01,A,hake,1,Untagged mate,,,
blind,2019,6/29/2021,ECC,2021.42,Diet area 1,9:33,,,tagged adult returned with no fish,D.54,NA,,,,,,
blind,2019,6/29/2021,ECC,2021.42,Diet area 1,9:33,,,tagged adult present - no chick around,D.43,NA,,,,,,
blind,2019,6/29/2021,ECC,2021.42,Diet area 1,9:36,,,feeding,Northeast of R.04,,sandlance,2,,,,
blind,2019,6/29/2021,ECC,2021.42,Diet area 1,9:40,,,end,,,,,,,,
blind,2019,7/3/2021,ECC,2021.42,Diet area 3,12:15,,,Failed feeding,SB.09,,moth,0.5,,no chick,x,
blind,2019,7/3/2021,ECC,2021.42,Diet area 3,12:36,,,Failed feeding,SB.08,,redfish,2,,dead chick,x,
blind,2019,7/3/2021,ECC,2021.42,Diet area 3,13:17,,,Failed feeding,D.59,,moth,0.5,mate no gps,,X,
blind,2019,6/22/2021,ECC,2021.42,Diet area 3,3:00 PM,,,start,SB.07/SB.04/D.11/SB.03/SB.09/SB.05/SB.06/R.28,,,,,,,
blind,2019,6/22/2021,ECC,2021.42,Diet area 3,3:09 PM,,,rain started,,,,,,,,
blind,2019,6/22/2021,ECC,2021.42,Diet area 3,3:16 PM,,,234 arived with no fish,,,,,GPS 811,,,
blind,2019,6/22/2021,ECC,2021.42,Diet area 3,3:28 PM,,,234 departed w/ no mate present,,,,,GPS 811,,,
blind,2019,6/22/2021,ECC,2021.42,Diet area 3,3:29 PM,,,234 returned,,,,,GPS 811,,,
blind,2019,6/22/2021,ECC,2021.42,Diet area 3,3:40 PM,,,end,,,,,,,,
blind,2019,7/8/2021,ECC,2021.42,White,3:50 PM,,,feeding,,,mackerel,3.5,,,,
blind,2019,7/8/2021,ECC,2021.42,White,4:30 PM,,,feeding,,,silverside,2.5,,,,
blind,2019,7/20/2021,ECC,2021.42,White Island lawn,6:10 PM,,,failed feeding,D.289,A,puffer fish,1,GPS 820,,,
blind,2019,7/20/2021,ECC,2021.43,Diet area 1,13:20,25,3,start,D.55/D.28/D.279,,,,,after D.279 trapping,,
blind,2019,7/20/2021,ECC,2021.43,Diet area 1,13:26,,,feeding,D.279,A,herring,1.5,tag 312 (before tagging),discarded by D.279 GPS bird (tag 312). ,,
blind,2019,7/20/2021,ECC,2021.43,Diet area 1,13:26,,,feeding,D.279,A,isopod,0.25,untagged mate,,,
blind,2019,7/20/2021,ECC,2021.43,Diet area 1,13:26,,,feeding,D.28,A,Pufferfish,1,,,,
blind,2019,7/20/2021,ECC,2021.43,Diet area 1,13:29,,,feeding,D.55,A,butterfish,2.5,,successful feeding!,,
blind,2019,7/20/2021,ECC,2021.43,Diet area 1,13:29,,,feeding,D.28,A,herring,2,,,,
blind,2019,7/20/2021,ECC,2021.43,Diet area 1,13:40,,,feeding,D.279,A,herring,1.5,tag 312 (before tagging),"regurgitated by D.279 GPS bird (tag 312). 5 fish total, 1.5-2 bill lengths each",,
blind,2019,7/20/2021,ECC,2021.43,Diet area 1,13:40,,,feeding,D.279,A,herring,1.5,tag 312 (before tagging),"regurgitated by D.279 GPS bird (tag 312). 5 fish total, 1.5-2 bill lengths each",,
blind,2019,7/20/2021,ECC,2021.43,Diet area 1,13:40,,,feeding,D.279,A,herring,2,tag 312 (before tagging),"regurgitated by D.279 GPS bird (tag 312). 5 fish total, 1.5-2 bill lengths each",,
blind,2019,7/20/2021,ECC,2021.43,Diet area 1,13:40,,,feeding,D.279,A,herring,2,tag 312 (before tagging),"regurgitated by D.279 GPS bird (tag 312). 5 fish total, 1.5-2 bill lengths each",,
blind,2019,7/20/2021,ECC,2021.43,Diet area 1,13:40,,,feeding,D.279,A,herring,2,tag 312 (before tagging),"regurgitated by D.279 GPS bird (tag 312). 5 fish total, 1.5-2 bill lengths each",,
blind,2019,7/20/2021,ECC,2021.43,Diet area 1,13:45,,,end,,,,,,,,
blind,2019,7/20/2021,ECC,2021.44,Diet area 3,14:20,65,2,start,D.58/SB.03/R.27,,,,,D.04 flew away at start of watch,,
blind,2019,7/20/2021,ECC,2021.44,Diet area 3,14:25,,,failed feeding,D.58,A,Butterfish,2.5,,,,
blind,2019,7/20/2021,ECC,2021.44,Diet area 3,14:48,,,feeding,D.58,A,invert,0.25,,,,
blind,2019,7/20/2021,ECC,2021.44,Diet area 3,15:25,,,end,,,,,,,,
blind,2019,7/8/2021,ECC,2021.45,Diet area 3,7:05,67,9,start,D.64/D.13/D.58/D.11/D.04/Sb.03/SB.05/SB.04/SB.06/R.05/R.27/R.28,,,,,,,
blind,2019,7/8/2021,ECC,2021.45,Diet area 3,7:11,,,feeding,R.27,,Sandlance,3,,,,
blind,2019,7/8/2021,ECC,2021.45,Diet area 3,7:12,,,feeding,R.05,,unknown fish,1.5,,,,
blind,2019,7/8/2021,ECC,2021.45,Diet area 3,7:14,,,feeding,D.58,A,invert,1,,,,
blind,2019,7/8/2021,ECC,2021.45,Diet area 3,7:21,,,feeding,SB.04,A,unknown fish,?,,,,
blind,2019,7/8/2021,ECC,2021.45,Diet area 3,7:23,,,feeding,D.58,A,invert,0.25,,,,
blind,2019,7/8/2021,ECC,2021.45,Diet area 3,7:26,,,failed feeding,D.11,A,butterfish,2,,,,
blind,2019,7/8/2021,ECC,2021.45,Diet area 3,7:26,,,failed feeding,D.58,A,invert,0.25,,,,
blind,2019,7/8/2021,ECC,2021.45,Diet area 3,7:29,,,feeding,SB.04,A,unknown,?,,,,
blind,2019,7/8/2021,ECC,2021.45,Diet area 3,7:32,,,feeding,D.58,A,invert,0.25,,,,
blind,2019,7/8/2021,ECC,2021.45,Diet area 3,7:33,,,nuptial feeding,SB.02,adult,gadid,1.5,,,,
blind,2019,7/8/2021,ECC,2021.45,Diet area 3,7:38,,,feeding,D.13,A,herring,1.5,,,,
blind,2019,7/8/2021,ECC,2021.45,Diet area 3,7:38,,,fish flyby,,,mumichog,1.5,,,,
blind,2019,7/8/2021,ECC,2021.45,Diet area 3,7:45,,,feeding,D.11,A,moth,0.5,,,,
blind,2019,7/8/2021,ECC,2021.45,Diet area 3,7:47,,,feeding,D.58,A,cunner,3,,,,
blind,2019,7/8/2021,ECC,2021.45,Diet area 3,7:54,,,feeding,D.11,A,sandlance,2,,,,
blind,2019,7/8/2021,ECC,2021.45,Diet area 3,8:12,,,feeding?,D.11,A,gadid,1.5,,not delivered before end of watch,,
blind,2019,7/8/2021,ECC,2021.45,Diet area 3,8:12,,,end,,,,,,,,
blind,2019,6/29/2021,ECC,NA,Diet area 1,8:48,,,fish flyby,NA,NA,gadid,2,,,x,
blind,2019,6/29/2021,ECC,NA,Diet area 1,8:48,,,fish flyby,NA,NA,squid,2.5,,,x,
blind,2019,7/27/2021,GBS,,4,8:16 AM,,,feeding,D.51,A,ant,0.25,GPS 224,,,
blind,2019,6/26/2021,ECC,,Diet area 1,8:37 AM,,,fly by fish,NA,NA,butterfish,1.5,,,x,
blind,2019,6/26/2021,ECC,,Diet area 1,8:50 AM,,,fly by fish,NA,NA,gadid,2.5,,,x,
blind,2019,7/17/2021,GBS,,3,9:25,,,failed feeding,SB.05,NA,herring,2,GPS 369,"GPS bird attempted to feed herring, but no chick present",,
blind,2019,7/16/2021,ECC,,2,9:59,,,feeding?,D.275,A,butterfish,2,GPS 871,,,
blind,2019,7/14/2021,ECC,,4,12:20,,,feeding,D.22,A,gadid,2,GPS 984,,,
blind,2019,7/3/2021,ECC,,Diet area 3,12:24,,,Failed feeding,D.59,,herring,2,mate no gps,dead chick,x,
blind,2019,7/3/2021,ECC,,Diet area 3,12:43,,,Failed feeding,SB.08,,hake,1.5,,dead chick,x,
blind,2019,7/3/2021,ECC,,Diet area 3,12:44,,,nuptial feeding,,,hake,1.5,,,x,
blind,2019,7/3/2021,ECC,,Diet area 3,13:12,,,feeding,,,gadid,2.5,,,X,
blind,2019,7/3/2021,ECC,,Diet area 3,13:28,,,Failed feeding,,,herring,1.5,,,X,
blind,2019,6/22/2021,ECC,,Diet area 3,3:09 PM,,,feeding,SB.06,,unknown fish,1,,,,
blind,2019,7/8/2021,ECC,,White,3:35 PM,,,feeding,,,gadid,2,,,,
